model_id,run_name,selector_metric,trim_frac,dim,M,rep,seed,h,sup_err,ise
mm_1d,mm1_rawmax_kp2_kf2,raw_max,0.05,1,1000,0,3003105692,0.02,0.5225087530351606,0.5324582767183735
mm_1d,mm1_rawmax_kp2_kf2,raw_max,0.05,1,1000,0,3003105692,0.026516504294,0.5832644987848348,0.7083154491472929
mm_1d,mm1_rawmax_kp2_kf2,raw_max,0.05,1,1000,0,3003105692,0.0375,0.5320684500164687,0.6816702689874554
mm_1d,mm1_rawmax_kp2_kf2,raw_max,0.05,1,1000,0,3003105692,0.053033008589,0.5179108836501394,0.6847966863765843
mm_1d,mm1_rawmax_kp2_kf2,raw_max,0.05,1,1000,0,3003105692,0.075,0.5852159064555402,0.7003946523412502
mm_1d,mm1_rawmax_kp2_kf2,raw_max,0.05,1,1000,0,3003105692,0.106066017178,0.4735208685129342,0.585000914956393
mm_1d,mm1_rawmax_kp2_kf2,raw_max,0.05,1,1000,0,3003105692,0.15,0.3077112743549214,0.29210428844108427
mm_1d,mm1_rawmax_kp2_kf2,raw_max,0.05,1,1000,0,3003105692,0.212132034356,0.17895425982452265,0.1630986408492104
mm_1d,mm1_rawmax_kp2_kf2,raw_max,0.05,1,1000,0,3003105692,0.3,0.12396076068496201,0.14137992224040774
mm_1d,mm1_rawmax_kp2_kf2,raw_max,0.05,1,1000,0,3003105692,0.424264068712,0.3054959729419693,0.274006978486085
mm_1d,mm1_rawmax_kp2_kf2,raw_max,0.05,1,1000,0,3003105692,0.6,0.46854025019227796,0.40817400093372114
mm_1d,mm1_rawmax_kp2_kf2,raw_max,0.05,1,1000,0,3003105692,0.848528137424,0.7088178000659162,0.6762021160696874
mm_1d,mm1_rawmax_kp2_kf2,raw_max,0.05,1,1000,0,3003105692,1.2,0.9487900216525569,0.9794980872939957
mm_1d,mm1_rawmax_kp2_kf2,raw_max,0.05,1,1000,1,976400780,0.02,0.7362062113491068,0.6810297072147588
mm_1d,mm1_rawmax_kp2_kf2,raw_max,0.05,1,1000,1,976400780,0.026516504294,0.7246159294332339,0.6846678835393222
mm_1d,mm1_rawmax_kp2_kf2,raw_max,0.05,1,1000,1,976400780,0.0375,0.7515000549253932,0.6126136225311603
mm_1d,mm1_rawmax_kp2_kf2,raw_max,0.05,1,1000,1,976400780,0.053033008589,0.7777654959260909,0.650086762184117
mm_1d,mm1_rawmax_kp2_kf2,raw_max,0.05,1,1000,1,976400780,0.075,0.5020394353203161,0.4512279578140264
mm_1d,mm1_rawmax_kp2_kf2,raw_max,0.05,1,1000,1,976400780,0.106066017178,0.40384395492101444,0.3752191979984532
mm_1d,mm1_rawmax_kp2_kf2,raw_max,0.05,1,1000,1,976400780,0.15,0.3453492032936234,0.3881641510324413
mm_1d,mm1_rawmax_kp2_kf2,raw_max,0.05,1,1000,1,976400780,0.212132034356,0.3570143323768775,0.3618527202813633
mm_1d,mm1_rawmax_kp2_kf2,raw_max,0.05,1,1000,1,976400780,0.3,0.1317175193957314,0.14490295519617377
mm_1d,mm1_rawmax_kp2_kf2,raw_max,0.05,1,1000,1,976400780,0.424264068712,0.2798718014826611,0.26411100059350023
mm_1d,mm1_rawmax_kp2_kf2,raw_max,0.05,1,1000,1,976400780,0.6,0.42318768068062673,0.41945762621254823
mm_1d,mm1_rawmax_kp2_kf2,raw_max,0.05,1,1000,1,976400780,0.848528137424,0.6965047502242043,0.7013711147713225
mm_1d,mm1_rawmax_kp2_kf2,raw_max,0.05,1,1000,1,976400780,1.2,0.9502685894223277,0.9729522900164206
mm_1d,mm1_rawmax_kp2_kf2,raw_max,0.05,1,1000,2,3387213021,0.02,0.8346078484024491,0.7695794184343452
mm_1d,mm1_rawmax_kp2_kf2,raw_max,0.05,1,1000,2,3387213021,0.026516504294,0.5670463679915865,0.538424585988749
mm_1d,mm1_rawmax_kp2_kf2,raw_max,0.05,1,1000,2,3387213021,0.0375,0.5809985736162244,0.5115538301986702
mm_1d,mm1_rawmax_kp2_kf2,raw_max,0.05,1,1000,2,3387213021,0.053033008589,0.4840767598785356,0.41519873873237023
mm_1d,mm1_rawmax_kp2_kf2,raw_max,0.05,1,1000,2,3387213021,0.075,0.30670553807869316,0.26690270674783206
mm_1d,mm1_rawmax_kp2_kf2,raw_max,0.05,1,1000,2,3387213021,0.106066017178,0.2540538062221054,0.30632791353354794
mm_1d,mm1_rawmax_kp2_kf2,raw_max,0.05,1,1000,2,3387213021,0.15,0.31300623722427035,0.35489445974035116
mm_1d,mm1_rawmax_kp2_kf2,raw_max,0.05,1,1000,2,3387213021,0.212132034356,0.3648017779152347,0.4103608050546514
mm_1d,mm1_rawmax_kp2_kf2,raw_max,0.05,1,1000,2,3387213021,0.3,0.3787064959184153,0.44061258222473487
mm_1d,mm1_rawmax_kp2_kf2,raw_max,0.05,1,1000,2,3387213021,0.424264068712,0.38543814594880255,0.5368115893894367
mm_1d,mm1_rawmax_kp2_kf2,raw_max,0.05,1,1000,2,3387213021,0.6,0.8148591003237204,0.8179497173481645
mm_1d,mm1_rawmax_kp2_kf2,raw_max,0.05,1,1000,2,3387213021,0.848528137424,0.9042729867753796,1.0064813493749616
mm_1d,mm1_rawmax_kp2_kf2,raw_max,0.05,1,1000,2,3387213021,1.2,0.8926666071757317,1.1569759993368083
mm_1d,mm1_rawmax_kp2_kf2,raw_max,0.05,1,1000,3,1360466708,0.02,0.6236628327810072,0.5853391766312341
mm_1d,mm1_rawmax_kp2_kf2,raw_max,0.05,1,1000,3,1360466708,0.026516504294,0.6507552680279134,0.6212034949529153
mm_1d,mm1_rawmax_kp2_kf2,raw_max,0.05,1,1000,3,1360466708,0.0375,0.6577440348028945,0.6216318974092886
mm_1d,mm1_rawmax_kp2_kf2,raw_max,0.05,1,1000,3,1360466708,0.053033008589,0.6620360930339357,0.5379354973238756
mm_1d,mm1_rawmax_kp2_kf2,raw_max,0.05,1,1000,3,1360466708,0.075,0.46985211634455615,0.3617025761871973
mm_1d,mm1_rawmax_kp2_kf2,raw_max,0.05,1,1000,3,1360466708,0.106066017178,0.3350436052025936,0.27313108300158545
mm_1d,mm1_rawmax_kp2_kf2,raw_max,0.05,1,1000,3,1360466708,0.15,0.22775154875642922,0.20934812662051902
mm_1d,mm1_rawmax_kp2_kf2,raw_max,0.05,1,1000,3,1360466708,0.212132034356,0.15978054094174238,0.1631796351372122
mm_1d,mm1_rawmax_kp2_kf2,raw_max,0.05,1,1000,3,1360466708,0.3,0.1571427467030133,0.18516251178389453
mm_1d,mm1_rawmax_kp2_kf2,raw_max,0.05,1,1000,3,1360466708,0.424264068712,0.21454926344145342,0.22987320782220785
mm_1d,mm1_rawmax_kp2_kf2,raw_max,0.05,1,1000,3,1360466708,0.6,0.3914173220502397,0.3829458287922752
mm_1d,mm1_rawmax_kp2_kf2,raw_max,0.05,1,1000,3,1360466708,0.848528137424,0.7208248018509749,0.6432337733050909
mm_1d,mm1_rawmax_kp2_kf2,raw_max,0.05,1,1000,3,1360466708,1.2,0.9540249492903929,0.8490692153223227
mm_1d,mm1_rawmax_kp2_kf2,raw_max,0.05,1,1000,4,876933080,0.02,0.7245343708409253,0.6770295258033968
mm_1d,mm1_rawmax_kp2_kf2,raw_max,0.05,1,1000,4,876933080,0.026516504294,0.6969783072331976,0.635680053080873
mm_1d,mm1_rawmax_kp2_kf2,raw_max,0.05,1,1000,4,876933080,0.0375,0.6110118985169648,0.6382287902920573
mm_1d,mm1_rawmax_kp2_kf2,raw_max,0.05,1,1000,4,876933080,0.053033008589,0.618199476636481,0.6009906469126888
mm_1d,mm1_rawmax_kp2_kf2,raw_max,0.05,1,1000,4,876933080,0.075,0.5068647109783782,0.47031650817180637
mm_1d,mm1_rawmax_kp2_kf2,raw_max,0.05,1,1000,4,876933080,0.106066017178,0.2912085408518257,0.270938288160606
mm_1d,mm1_rawmax_kp2_kf2,raw_max,0.05,1,1000,4,876933080,0.15,0.17212083471409298,0.14282893588316817
mm_1d,mm1_rawmax_kp2_kf2,raw_max,0.05,1,1000,4,876933080,0.212132034356,0.08253308008756705,0.07435728145377893
mm_1d,mm1_rawmax_kp2_kf2,raw_max,0.05,1,1000,4,876933080,0.3,0.22701043546677568,0.20099571497254576
mm_1d,mm1_rawmax_kp2_kf2,raw_max,0.05,1,1000,4,876933080,0.424264068712,0.4939493549389,0.43054989234732877
mm_1d,mm1_rawmax_kp2_kf2,raw_max,0.05,1,1000,4,876933080,0.6,0.6318318624409103,0.6666998529411997
mm_1d,mm1_rawmax_kp2_kf2,raw_max,0.05,1,1000,4,876933080,0.848528137424,0.7295968109184396,0.9263627038441833
mm_1d,mm1_rawmax_kp2_kf2,raw_max,0.05,1,1000,4,876933080,1.2,0.9128725802255193,1.1302874289329783
mm_1d,mm1_rawmax_kp2_kf2,raw_max,0.05,1,1000,5,3424658561,0.02,1.245673954466897,1.0331713535020135
mm_1d,mm1_rawmax_kp2_kf2,raw_max,0.05,1,1000,5,3424658561,0.026516504294,0.9986449149893928,0.8445177317473019
mm_1d,mm1_rawmax_kp2_kf2,raw_max,0.05,1,1000,5,3424658561,0.0375,0.6436052987856592,0.5615915859066597
mm_1d,mm1_rawmax_kp2_kf2,raw_max,0.05,1,1000,5,3424658561,0.053033008589,0.4422070144996424,0.4403602005597143
mm_1d,mm1_rawmax_kp2_kf2,raw_max,0.05,1,1000,5,3424658561,0.075,0.6394775532507464,0.6161714899308577
mm_1d,mm1_rawmax_kp2_kf2,raw_max,0.05,1,1000,5,3424658561,0.106066017178,0.5943299647147391,0.5360063359341585
mm_1d,mm1_rawmax_kp2_kf2,raw_max,0.05,1,1000,5,3424658561,0.15,0.4725331483028082,0.42835173558922574
mm_1d,mm1_rawmax_kp2_kf2,raw_max,0.05,1,1000,5,3424658561,0.212132034356,0.3397104324978263,0.3167218586540157
mm_1d,mm1_rawmax_kp2_kf2,raw_max,0.05,1,1000,5,3424658561,0.3,0.2220124862716124,0.2521108944985002
mm_1d,mm1_rawmax_kp2_kf2,raw_max,0.05,1,1000,5,3424658561,0.424264068712,0.32302317140913805,0.2979869375143154
mm_1d,mm1_rawmax_kp2_kf2,raw_max,0.05,1,1000,5,3424658561,0.6,0.5087395605705796,0.4723371258072512
mm_1d,mm1_rawmax_kp2_kf2,raw_max,0.05,1,1000,5,3424658561,0.848528137424,0.7590687564038467,0.7182734945754424
mm_1d,mm1_rawmax_kp2_kf2,raw_max,0.05,1,1000,5,3424658561,1.2,1.0316567514854045,0.9611573087542706
mm_1d,mm1_rawmax_kp2_kf2,raw_max,0.05,1,1000,6,2760304911,0.02,1.0594245470309622,1.2500977089059206
mm_1d,mm1_rawmax_kp2_kf2,raw_max,0.05,1,1000,6,2760304911,0.026516504294,1.0166906434479182,1.040936513664012
mm_1d,mm1_rawmax_kp2_kf2,raw_max,0.05,1,1000,6,2760304911,0.0375,1.015419559437329,1.0096258234494095
mm_1d,mm1_rawmax_kp2_kf2,raw_max,0.05,1,1000,6,2760304911,0.053033008589,0.8023711082512457,1.0732414974702966
mm_1d,mm1_rawmax_kp2_kf2,raw_max,0.05,1,1000,6,2760304911,0.075,0.6356824669759977,0.5145241423514987
mm_1d,mm1_rawmax_kp2_kf2,raw_max,0.05,1,1000,6,2760304911,0.106066017178,0.43256191073055517,0.4067207772986691
mm_1d,mm1_rawmax_kp2_kf2,raw_max,0.05,1,1000,6,2760304911,0.15,0.3751088104534317,0.36113923393072156
mm_1d,mm1_rawmax_kp2_kf2,raw_max,0.05,1,1000,6,2760304911,0.212132034356,0.32594398303012834,0.28923048649275074
mm_1d,mm1_rawmax_kp2_kf2,raw_max,0.05,1,1000,6,2760304911,0.3,0.2669331793580146,0.22039730480677314
mm_1d,mm1_rawmax_kp2_kf2,raw_max,0.05,1,1000,6,2760304911,0.424264068712,0.6128167874224,0.49302126951837266
mm_1d,mm1_rawmax_kp2_kf2,raw_max,0.05,1,1000,6,2760304911,0.6,0.7784634554653285,0.681417788223677
mm_1d,mm1_rawmax_kp2_kf2,raw_max,0.05,1,1000,6,2760304911,0.848528137424,0.7713375121440069,0.8287050958748221
mm_1d,mm1_rawmax_kp2_kf2,raw_max,0.05,1,1000,6,2760304911,1.2,0.9292932956970767,1.0273969033583292
mm_1d,mm1_rawmax_kp2_kf2,raw_max,0.05,1,1000,7,2904491693,0.02,1.8487777159099488,2.4708678875560968
mm_1d,mm1_rawmax_kp2_kf2,raw_max,0.05,1,1000,7,2904491693,0.026516504294,1.8488810435565957,2.485032056988529
mm_1d,mm1_rawmax_kp2_kf2,raw_max,0.05,1,1000,7,2904491693,0.0375,1.9203428155524427,2.6116801907793405
mm_1d,mm1_rawmax_kp2_kf2,raw_max,0.05,1,1000,7,2904491693,0.053033008589,1.5219510641701128,1.5360802348450964
mm_1d,mm1_rawmax_kp2_kf2,raw_max,0.05,1,1000,7,2904491693,0.075,0.8309092597275805,0.7458767951306365
mm_1d,mm1_rawmax_kp2_kf2,raw_max,0.05,1,1000,7,2904491693,0.106066017178,0.49016843009643046,0.4616270827466512
mm_1d,mm1_rawmax_kp2_kf2,raw_max,0.05,1,1000,7,2904491693,0.15,0.3503519413744555,0.34110493767798
mm_1d,mm1_rawmax_kp2_kf2,raw_max,0.05,1,1000,7,2904491693,0.212132034356,0.26594135083937465,0.32783093242948186
mm_1d,mm1_rawmax_kp2_kf2,raw_max,0.05,1,1000,7,2904491693,0.3,0.3056790708878182,0.3936756703221208
mm_1d,mm1_rawmax_kp2_kf2,raw_max,0.05,1,1000,7,2904491693,0.424264068712,0.3037991558597194,0.40476855206296736
mm_1d,mm1_rawmax_kp2_kf2,raw_max,0.05,1,1000,7,2904491693,0.6,0.4004437343070555,0.44887882593781453
mm_1d,mm1_rawmax_kp2_kf2,raw_max,0.05,1,1000,7,2904491693,0.848528137424,0.6733713417888287,0.6674440081809121
mm_1d,mm1_rawmax_kp2_kf2,raw_max,0.05,1,1000,7,2904491693,1.2,0.9414918359775442,0.9172474759413206
mm_1d,mm1_rawmax_kp2_kf2,raw_max,0.05,1,1000,8,4245388044,0.02,0.9834471737073609,1.043551598468721
mm_1d,mm1_rawmax_kp2_kf2,raw_max,0.05,1,1000,8,4245388044,0.026516504294,0.2797230995244071,0.2827217308055858
mm_1d,mm1_rawmax_kp2_kf2,raw_max,0.05,1,1000,8,4245388044,0.0375,0.19530353344659765,0.1750652918451486
mm_1d,mm1_rawmax_kp2_kf2,raw_max,0.05,1,1000,8,4245388044,0.053033008589,0.3893458554951625,0.32136838363110043
mm_1d,mm1_rawmax_kp2_kf2,raw_max,0.05,1,1000,8,4245388044,0.075,0.5325566380308961,0.4513839550564188
mm_1d,mm1_rawmax_kp2_kf2,raw_max,0.05,1,1000,8,4245388044,0.106066017178,0.4750324547361315,0.42868117102576475
mm_1d,mm1_rawmax_kp2_kf2,raw_max,0.05,1,1000,8,4245388044,0.15,0.31183267507099854,0.32875484010453837
mm_1d,mm1_rawmax_kp2_kf2,raw_max,0.05,1,1000,8,4245388044,0.212132034356,0.3686612766206774,0.3569202889050173
mm_1d,mm1_rawmax_kp2_kf2,raw_max,0.05,1,1000,8,4245388044,0.3,0.37946062369827427,0.4100386348512245
mm_1d,mm1_rawmax_kp2_kf2,raw_max,0.05,1,1000,8,4245388044,0.424264068712,0.31112676462206545,0.4424005444994666
mm_1d,mm1_rawmax_kp2_kf2,raw_max,0.05,1,1000,8,4245388044,0.6,0.39494698848314735,0.4202287654343902
mm_1d,mm1_rawmax_kp2_kf2,raw_max,0.05,1,1000,8,4245388044,0.848528137424,0.5590332430480915,0.588399991069291
mm_1d,mm1_rawmax_kp2_kf2,raw_max,0.05,1,1000,8,4245388044,1.2,0.8171408084625336,0.810551807156203
mm_1d,mm1_rawmax_kp2_kf2,raw_max,0.05,1,1000,9,1679802727,0.02,1.6421874520374748,1.5461316815383126
mm_1d,mm1_rawmax_kp2_kf2,raw_max,0.05,1,1000,9,1679802727,0.026516504294,1.3935483321703581,1.3279251173254205
mm_1d,mm1_rawmax_kp2_kf2,raw_max,0.05,1,1000,9,1679802727,0.0375,1.0065334315764052,0.9610700886030017
mm_1d,mm1_rawmax_kp2_kf2,raw_max,0.05,1,1000,9,1679802727,0.053033008589,0.7838263342918488,0.6944327087052622
mm_1d,mm1_rawmax_kp2_kf2,raw_max,0.05,1,1000,9,1679802727,0.075,0.6908409142878487,0.5739883767195086
mm_1d,mm1_rawmax_kp2_kf2,raw_max,0.05,1,1000,9,1679802727,0.106066017178,0.7332001280564986,0.615091878786484
mm_1d,mm1_rawmax_kp2_kf2,raw_max,0.05,1,1000,9,1679802727,0.15,0.5563905964408071,0.47720437664223675
mm_1d,mm1_rawmax_kp2_kf2,raw_max,0.05,1,1000,9,1679802727,0.212132034356,0.37715667975658035,0.30579586973194994
mm_1d,mm1_rawmax_kp2_kf2,raw_max,0.05,1,1000,9,1679802727,0.3,0.263667306232696,0.22006458233290005
mm_1d,mm1_rawmax_kp2_kf2,raw_max,0.05,1,1000,9,1679802727,0.424264068712,0.20296591344645565,0.23672783391977278
mm_1d,mm1_rawmax_kp2_kf2,raw_max,0.05,1,1000,9,1679802727,0.6,0.4462350432074136,0.4334991178870502
mm_1d,mm1_rawmax_kp2_kf2,raw_max,0.05,1,1000,9,1679802727,0.848528137424,0.6872713251128604,0.6544247515197567
mm_1d,mm1_rawmax_kp2_kf2,raw_max,0.05,1,1000,9,1679802727,1.2,0.8923934057070815,0.8325474790298861
mm_1d,mm1_rawmax_kp2_kf2,raw_max,0.05,1,1000,10,3605303106,0.02,0.9877603286680885,0.9614736968843992
mm_1d,mm1_rawmax_kp2_kf2,raw_max,0.05,1,1000,10,3605303106,0.026516504294,0.9544498580957921,0.8961275572366021
mm_1d,mm1_rawmax_kp2_kf2,raw_max,0.05,1,1000,10,3605303106,0.0375,0.8800299117002437,0.8999293800622246
mm_1d,mm1_rawmax_kp2_kf2,raw_max,0.05,1,1000,10,3605303106,0.053033008589,0.8690958417829591,0.9813745563425574
mm_1d,mm1_rawmax_kp2_kf2,raw_max,0.05,1,1000,10,3605303106,0.075,0.8440031686835336,0.894362396556964
mm_1d,mm1_rawmax_kp2_kf2,raw_max,0.05,1,1000,10,3605303106,0.106066017178,0.7279555352688742,0.8024067617280818
mm_1d,mm1_rawmax_kp2_kf2,raw_max,0.05,1,1000,10,3605303106,0.15,0.6775378324739094,0.6879495065380185
mm_1d,mm1_rawmax_kp2_kf2,raw_max,0.05,1,1000,10,3605303106,0.212132034356,0.4206095820409015,0.4296586242843504
mm_1d,mm1_rawmax_kp2_kf2,raw_max,0.05,1,1000,10,3605303106,0.3,0.262303583198221,0.26416597885647464
mm_1d,mm1_rawmax_kp2_kf2,raw_max,0.05,1,1000,10,3605303106,0.424264068712,0.253661511414831,0.2411419339549102
mm_1d,mm1_rawmax_kp2_kf2,raw_max,0.05,1,1000,10,3605303106,0.6,0.35417950083562233,0.4215120399066047
mm_1d,mm1_rawmax_kp2_kf2,raw_max,0.05,1,1000,10,3605303106,0.848528137424,0.6194634594216586,0.6758261194598113
mm_1d,mm1_rawmax_kp2_kf2,raw_max,0.05,1,1000,10,3605303106,1.2,0.8939530344033564,0.9791774621080929
mm_1d,mm1_rawmax_kp2_kf2,raw_max,0.05,1,1000,11,1429424934,0.02,1.6702663817521484,2.081428374368427
mm_1d,mm1_rawmax_kp2_kf2,raw_max,0.05,1,1000,11,1429424934,0.026516504294,0.8378413856695293,1.208068605343279
mm_1d,mm1_rawmax_kp2_kf2,raw_max,0.05,1,1000,11,1429424934,0.0375,0.7522386348160177,1.067515178108726
mm_1d,mm1_rawmax_kp2_kf2,raw_max,0.05,1,1000,11,1429424934,0.053033008589,0.7608573858219728,1.0747268095310938
mm_1d,mm1_rawmax_kp2_kf2,raw_max,0.05,1,1000,11,1429424934,0.075,0.908016264111049,1.1411806770991006
mm_1d,mm1_rawmax_kp2_kf2,raw_max,0.05,1,1000,11,1429424934,0.106066017178,0.6948820963238663,0.6150101044624265
mm_1d,mm1_rawmax_kp2_kf2,raw_max,0.05,1,1000,11,1429424934,0.15,0.3636973004994741,0.3376630034532123
mm_1d,mm1_rawmax_kp2_kf2,raw_max,0.05,1,1000,11,1429424934,0.212132034356,0.24724717384943307,0.23701351897137707
mm_1d,mm1_rawmax_kp2_kf2,raw_max,0.05,1,1000,11,1429424934,0.3,0.18778160765037036,0.16058180579591197
mm_1d,mm1_rawmax_kp2_kf2,raw_max,0.05,1,1000,11,1429424934,0.424264068712,0.1382971820269111,0.14296980806080697
mm_1d,mm1_rawmax_kp2_kf2,raw_max,0.05,1,1000,11,1429424934,0.6,0.2808819239491327,0.2947944201373147
mm_1d,mm1_rawmax_kp2_kf2,raw_max,0.05,1,1000,11,1429424934,0.848528137424,0.5880417830274465,0.5873198078986186
mm_1d,mm1_rawmax_kp2_kf2,raw_max,0.05,1,1000,11,1429424934,1.2,0.8600572802098443,0.8354958639791982
mm_1d,mm1_rawmax_kp2_kf2,raw_max,0.05,1,1000,12,2437408156,0.02,0.6916926089137871,0.5171086401975831
mm_1d,mm1_rawmax_kp2_kf2,raw_max,0.05,1,1000,12,2437408156,0.026516504294,0.7053790370092217,0.5596528952822063
mm_1d,mm1_rawmax_kp2_kf2,raw_max,0.05,1,1000,12,2437408156,0.0375,0.7984721667157686,0.6630727426398252
mm_1d,mm1_rawmax_kp2_kf2,raw_max,0.05,1,1000,12,2437408156,0.053033008589,0.8880394627944694,0.8103811754150206
mm_1d,mm1_rawmax_kp2_kf2,raw_max,0.05,1,1000,12,2437408156,0.075,0.6022388901776314,0.5371457205695324
mm_1d,mm1_rawmax_kp2_kf2,raw_max,0.05,1,1000,12,2437408156,0.106066017178,0.37081382172221167,0.25207183276615697
mm_1d,mm1_rawmax_kp2_kf2,raw_max,0.05,1,1000,12,2437408156,0.15,0.3205753725545084,0.21653372812213695
mm_1d,mm1_rawmax_kp2_kf2,raw_max,0.05,1,1000,12,2437408156,0.212132034356,0.34416268108363823,0.2247904515934
mm_1d,mm1_rawmax_kp2_kf2,raw_max,0.05,1,1000,12,2437408156,0.3,0.3836363890671839,0.2722571859700139
mm_1d,mm1_rawmax_kp2_kf2,raw_max,0.05,1,1000,12,2437408156,0.424264068712,0.42384717345756284,0.38451504129787756
mm_1d,mm1_rawmax_kp2_kf2,raw_max,0.05,1,1000,12,2437408156,0.6,0.34308487012158606,0.41897047949386784
mm_1d,mm1_rawmax_kp2_kf2,raw_max,0.05,1,1000,12,2437408156,0.848528137424,0.5569599033166333,0.5549198390446133
mm_1d,mm1_rawmax_kp2_kf2,raw_max,0.05,1,1000,12,2437408156,1.2,0.8928634649492029,0.7659656005014421
mm_1d,mm1_rawmax_kp2_kf2,raw_max,0.05,1,1000,13,2569716528,0.02,0.7552189670893368,0.8279189286535896
mm_1d,mm1_rawmax_kp2_kf2,raw_max,0.05,1,1000,13,2569716528,0.026516504294,0.8374231920657097,0.8753669272897532
mm_1d,mm1_rawmax_kp2_kf2,raw_max,0.05,1,1000,13,2569716528,0.0375,0.8060192930535782,0.8375142823445489
mm_1d,mm1_rawmax_kp2_kf2,raw_max,0.05,1,1000,13,2569716528,0.053033008589,0.8450791870107337,0.8365194055272545
mm_1d,mm1_rawmax_kp2_kf2,raw_max,0.05,1,1000,13,2569716528,0.075,0.8272501934202912,0.7699933550365313
mm_1d,mm1_rawmax_kp2_kf2,raw_max,0.05,1,1000,13,2569716528,0.106066017178,0.5817889806605124,0.5391781970793927
mm_1d,mm1_rawmax_kp2_kf2,raw_max,0.05,1,1000,13,2569716528,0.15,0.30126229349278644,0.24408278145998402
mm_1d,mm1_rawmax_kp2_kf2,raw_max,0.05,1,1000,13,2569716528,0.212132034356,0.16788620143631738,0.2136313425961789
mm_1d,mm1_rawmax_kp2_kf2,raw_max,0.05,1,1000,13,2569716528,0.3,0.18050961903787188,0.20701659254246177
mm_1d,mm1_rawmax_kp2_kf2,raw_max,0.05,1,1000,13,2569716528,0.424264068712,0.2630219379913372,0.3048115639306308
mm_1d,mm1_rawmax_kp2_kf2,raw_max,0.05,1,1000,13,2569716528,0.6,0.4087817706505108,0.4397962808959973
mm_1d,mm1_rawmax_kp2_kf2,raw_max,0.05,1,1000,13,2569716528,0.848528137424,0.6866230872041379,0.6695057442488286
mm_1d,mm1_rawmax_kp2_kf2,raw_max,0.05,1,1000,13,2569716528,1.2,0.9058786772433536,0.8655159372748606
mm_1d,mm1_rawmax_kp2_kf2,raw_max,0.05,1,1000,14,915442270,0.02,0.7896459455195639,0.9178310222954646
mm_1d,mm1_rawmax_kp2_kf2,raw_max,0.05,1,1000,14,915442270,0.026516504294,0.7932028497012202,0.950201267273745
mm_1d,mm1_rawmax_kp2_kf2,raw_max,0.05,1,1000,14,915442270,0.0375,0.7677616605336781,0.9544347729335628
mm_1d,mm1_rawmax_kp2_kf2,raw_max,0.05,1,1000,14,915442270,0.053033008589,0.7059177866804907,0.8972602046493265
mm_1d,mm1_rawmax_kp2_kf2,raw_max,0.05,1,1000,14,915442270,0.075,0.7276893151299395,0.8163719713684318
mm_1d,mm1_rawmax_kp2_kf2,raw_max,0.05,1,1000,14,915442270,0.106066017178,0.701542670913371,0.7123201949547414
mm_1d,mm1_rawmax_kp2_kf2,raw_max,0.05,1,1000,14,915442270,0.15,0.4953151213332626,0.5363691257297768
mm_1d,mm1_rawmax_kp2_kf2,raw_max,0.05,1,1000,14,915442270,0.212132034356,0.3856463812812273,0.3813279440302532
mm_1d,mm1_rawmax_kp2_kf2,raw_max,0.05,1,1000,14,915442270,0.3,0.20573396349624223,0.2512170555836481
mm_1d,mm1_rawmax_kp2_kf2,raw_max,0.05,1,1000,14,915442270,0.424264068712,0.2402245592501555,0.2764656330492884
mm_1d,mm1_rawmax_kp2_kf2,raw_max,0.05,1,1000,14,915442270,0.6,0.36811275770795615,0.37868142353853956
mm_1d,mm1_rawmax_kp2_kf2,raw_max,0.05,1,1000,14,915442270,0.848528137424,0.5843043728070219,0.5644488655569906
mm_1d,mm1_rawmax_kp2_kf2,raw_max,0.05,1,1000,14,915442270,1.2,0.8417015544475375,0.7871157017043059
mm_1d,mm1_rawmax_kp2_kf2,raw_max,0.05,1,1000,15,802017219,0.02,1.2154013167313749,1.2677972120782837
mm_1d,mm1_rawmax_kp2_kf2,raw_max,0.05,1,1000,15,802017219,0.026516504294,0.6210526694550756,0.7991576420473733
mm_1d,mm1_rawmax_kp2_kf2,raw_max,0.05,1,1000,15,802017219,0.0375,0.40980834535209065,0.49545589711202154
mm_1d,mm1_rawmax_kp2_kf2,raw_max,0.05,1,1000,15,802017219,0.053033008589,0.22795748810970318,0.26329441443410756
mm_1d,mm1_rawmax_kp2_kf2,raw_max,0.05,1,1000,15,802017219,0.075,0.2417029876600943,0.31592507522445357
mm_1d,mm1_rawmax_kp2_kf2,raw_max,0.05,1,1000,15,802017219,0.106066017178,0.2739603456744177,0.33165934256301177
mm_1d,mm1_rawmax_kp2_kf2,raw_max,0.05,1,1000,15,802017219,0.15,0.23356534435305581,0.2745862522385045
mm_1d,mm1_rawmax_kp2_kf2,raw_max,0.05,1,1000,15,802017219,0.212132034356,0.18988447663699975,0.21943321713551475
mm_1d,mm1_rawmax_kp2_kf2,raw_max,0.05,1,1000,15,802017219,0.3,0.3071647537761285,0.38096389290459665
mm_1d,mm1_rawmax_kp2_kf2,raw_max,0.05,1,1000,15,802017219,0.424264068712,0.2951769328505435,0.4037449988886863
mm_1d,mm1_rawmax_kp2_kf2,raw_max,0.05,1,1000,15,802017219,0.6,0.3737057868586884,0.46557350722877466
mm_1d,mm1_rawmax_kp2_kf2,raw_max,0.05,1,1000,15,802017219,0.848528137424,0.6392005536675294,0.6730996336460847
mm_1d,mm1_rawmax_kp2_kf2,raw_max,0.05,1,1000,15,802017219,1.2,0.9195475985549189,0.908077307599559
mm_1d,mm1_rawmax_kp2_kf2,raw_max,0.05,1,1000,16,984129068,0.02,0.6290056354793784,0.6148658584677503
mm_1d,mm1_rawmax_kp2_kf2,raw_max,0.05,1,1000,16,984129068,0.026516504294,0.4732582451595646,0.4901497121957027
mm_1d,mm1_rawmax_kp2_kf2,raw_max,0.05,1,1000,16,984129068,0.0375,0.503131285096903,0.5404328487031096
mm_1d,mm1_rawmax_kp2_kf2,raw_max,0.05,1,1000,16,984129068,0.053033008589,0.5247581308177414,0.5557630391797397
mm_1d,mm1_rawmax_kp2_kf2,raw_max,0.05,1,1000,16,984129068,0.075,0.5075038073203202,0.5219834810567768
mm_1d,mm1_rawmax_kp2_kf2,raw_max,0.05,1,1000,16,984129068,0.106066017178,0.5145039877283195,0.49357510916813446
mm_1d,mm1_rawmax_kp2_kf2,raw_max,0.05,1,1000,16,984129068,0.15,0.4011997235460854,0.3773856233189041
mm_1d,mm1_rawmax_kp2_kf2,raw_max,0.05,1,1000,16,984129068,0.212132034356,0.30307672521551,0.26866712769191065
mm_1d,mm1_rawmax_kp2_kf2,raw_max,0.05,1,1000,16,984129068,0.3,0.2755002276480746,0.28909391003476936
mm_1d,mm1_rawmax_kp2_kf2,raw_max,0.05,1,1000,16,984129068,0.424264068712,0.2023771053607345,0.27992747734658574
mm_1d,mm1_rawmax_kp2_kf2,raw_max,0.05,1,1000,16,984129068,0.6,0.3098490029629024,0.34412356505661007
mm_1d,mm1_rawmax_kp2_kf2,raw_max,0.05,1,1000,16,984129068,0.848528137424,0.5676334761681512,0.6237995510548212
mm_1d,mm1_rawmax_kp2_kf2,raw_max,0.05,1,1000,16,984129068,1.2,0.8866915767041794,0.8707921832105183
mm_1d,mm1_rawmax_kp2_kf2,raw_max,0.05,1,1000,17,2889465206,0.02,0.24510452018511764,0.33933802196064894
mm_1d,mm1_rawmax_kp2_kf2,raw_max,0.05,1,1000,17,2889465206,0.026516504294,0.6082057427638874,0.6335401225200741
mm_1d,mm1_rawmax_kp2_kf2,raw_max,0.05,1,1000,17,2889465206,0.0375,0.596987274604779,0.5653455984381253
mm_1d,mm1_rawmax_kp2_kf2,raw_max,0.05,1,1000,17,2889465206,0.053033008589,0.5363350133980253,0.47813575993941243
mm_1d,mm1_rawmax_kp2_kf2,raw_max,0.05,1,1000,17,2889465206,0.075,0.4240845070132375,0.5097315275832339
mm_1d,mm1_rawmax_kp2_kf2,raw_max,0.05,1,1000,17,2889465206,0.106066017178,0.46117373061225964,0.47302540072027044
mm_1d,mm1_rawmax_kp2_kf2,raw_max,0.05,1,1000,17,2889465206,0.15,0.43552854183807943,0.4070841632058898
mm_1d,mm1_rawmax_kp2_kf2,raw_max,0.05,1,1000,17,2889465206,0.212132034356,0.3880184001169158,0.3875428776239394
mm_1d,mm1_rawmax_kp2_kf2,raw_max,0.05,1,1000,17,2889465206,0.3,0.43459622351067484,0.46223582314264616
mm_1d,mm1_rawmax_kp2_kf2,raw_max,0.05,1,1000,17,2889465206,0.424264068712,0.521318948701448,0.5741903824267078
mm_1d,mm1_rawmax_kp2_kf2,raw_max,0.05,1,1000,17,2889465206,0.6,0.5688751342966147,0.7167239513077628
mm_1d,mm1_rawmax_kp2_kf2,raw_max,0.05,1,1000,17,2889465206,0.848528137424,0.6799507106149854,0.9446639614298401
mm_1d,mm1_rawmax_kp2_kf2,raw_max,0.05,1,1000,17,2889465206,1.2,0.9513580766223166,1.122006448658387
mm_1d,mm1_rawmax_kp2_kf2,raw_max,0.05,1,1000,18,2634853374,0.02,1.2999270231911688,1.1026063730544102
mm_1d,mm1_rawmax_kp2_kf2,raw_max,0.05,1,1000,18,2634853374,0.026516504294,1.0700934646197835,0.9084270564965051
mm_1d,mm1_rawmax_kp2_kf2,raw_max,0.05,1,1000,18,2634853374,0.0375,0.6500004417485086,0.5635780142556986
mm_1d,mm1_rawmax_kp2_kf2,raw_max,0.05,1,1000,18,2634853374,0.053033008589,0.4486469736783249,0.4258592817716821
mm_1d,mm1_rawmax_kp2_kf2,raw_max,0.05,1,1000,18,2634853374,0.075,0.5057553874725277,0.4397644703642391
mm_1d,mm1_rawmax_kp2_kf2,raw_max,0.05,1,1000,18,2634853374,0.106066017178,0.46313077710324063,0.40173535427978346
mm_1d,mm1_rawmax_kp2_kf2,raw_max,0.05,1,1000,18,2634853374,0.15,0.3468794727395023,0.3005307400978878
mm_1d,mm1_rawmax_kp2_kf2,raw_max,0.05,1,1000,18,2634853374,0.212132034356,0.24960200814824463,0.2558765755686334
mm_1d,mm1_rawmax_kp2_kf2,raw_max,0.05,1,1000,18,2634853374,0.3,0.2606240959837174,0.26778297227521053
mm_1d,mm1_rawmax_kp2_kf2,raw_max,0.05,1,1000,18,2634853374,0.424264068712,0.25140211178004956,0.34133145071576276
mm_1d,mm1_rawmax_kp2_kf2,raw_max,0.05,1,1000,18,2634853374,0.6,0.41954447212031676,0.4650320621158025
mm_1d,mm1_rawmax_kp2_kf2,raw_max,0.05,1,1000,18,2634853374,0.848528137424,0.7292976444773125,0.7429853128545919
mm_1d,mm1_rawmax_kp2_kf2,raw_max,0.05,1,1000,18,2634853374,1.2,1.030415722899734,1.1156750975660474
mm_1d,mm1_rawmax_kp2_kf2,raw_max,0.05,1,1000,19,4045012504,0.02,1.0550919326559156,0.8936974795517194
mm_1d,mm1_rawmax_kp2_kf2,raw_max,0.05,1,1000,19,4045012504,0.026516504294,0.8148481700481631,0.679461308813602
mm_1d,mm1_rawmax_kp2_kf2,raw_max,0.05,1,1000,19,4045012504,0.0375,0.6041794653665495,0.5225543139910227
mm_1d,mm1_rawmax_kp2_kf2,raw_max,0.05,1,1000,19,4045012504,0.053033008589,0.27304153771255724,0.2648831626204713
mm_1d,mm1_rawmax_kp2_kf2,raw_max,0.05,1,1000,19,4045012504,0.075,0.32821654601787165,0.2696899248952336
mm_1d,mm1_rawmax_kp2_kf2,raw_max,0.05,1,1000,19,4045012504,0.106066017178,0.1634967368014094,0.150289776683055
mm_1d,mm1_rawmax_kp2_kf2,raw_max,0.05,1,1000,19,4045012504,0.15,0.20072810988989387,0.18089198785394184
mm_1d,mm1_rawmax_kp2_kf2,raw_max,0.05,1,1000,19,4045012504,0.212132034356,0.1916780819602161,0.22855557413343158
mm_1d,mm1_rawmax_kp2_kf2,raw_max,0.05,1,1000,19,4045012504,0.3,0.1749907254865779,0.1944426746438491
mm_1d,mm1_rawmax_kp2_kf2,raw_max,0.05,1,1000,19,4045012504,0.424264068712,0.21044665352763836,0.2557835752434716
mm_1d,mm1_rawmax_kp2_kf2,raw_max,0.05,1,1000,19,4045012504,0.6,0.4281022491525692,0.5074501947050678
mm_1d,mm1_rawmax_kp2_kf2,raw_max,0.05,1,1000,19,4045012504,0.848528137424,0.655842239124913,0.7248523740541136
mm_1d,mm1_rawmax_kp2_kf2,raw_max,0.05,1,1000,19,4045012504,1.2,0.8657561681852393,0.9304719247923862
mm_1d,mm1_rawmax_kp2_kf2,raw_max,0.05,1,2000,0,3032918238,0.01,0.7836043843389101,1.0376075447683297
mm_1d,mm1_rawmax_kp2_kf2,raw_max,0.05,1,2000,0,3032918238,0.013258252147,0.5190886491707186,0.7194721630602865
mm_1d,mm1_rawmax_kp2_kf2,raw_max,0.05,1,2000,0,3032918238,0.01875,0.47352338499112134,0.6880902426389175
mm_1d,mm1_rawmax_kp2_kf2,raw_max,0.05,1,2000,0,3032918238,0.026516504294,0.4962657503844365,0.7201873520780886
mm_1d,mm1_rawmax_kp2_kf2,raw_max,0.05,1,2000,0,3032918238,0.0375,0.38754611764731217,0.575411682902033
mm_1d,mm1_rawmax_kp2_kf2,raw_max,0.05,1,2000,0,3032918238,0.053033008589,0.33180722040603045,0.47065603881618817
mm_1d,mm1_rawmax_kp2_kf2,raw_max,0.05,1,2000,0,3032918238,0.075,0.28136133940418495,0.33125756895432995
mm_1d,mm1_rawmax_kp2_kf2,raw_max,0.05,1,2000,0,3032918238,0.106066017178,0.2038511711456431,0.21707183516483383
mm_1d,mm1_rawmax_kp2_kf2,raw_max,0.05,1,2000,0,3032918238,0.15,0.1116148153311185,0.12768202747141005
mm_1d,mm1_rawmax_kp2_kf2,raw_max,0.05,1,2000,0,3032918238,0.212132034356,0.18197131135269928,0.15714978461168663
mm_1d,mm1_rawmax_kp2_kf2,raw_max,0.05,1,2000,0,3032918238,0.3,0.25664922955846037,0.20638671633611305
mm_1d,mm1_rawmax_kp2_kf2,raw_max,0.05,1,2000,0,3032918238,0.424264068712,0.3468122337945123,0.27849746213058235
mm_1d,mm1_rawmax_kp2_kf2,raw_max,0.05,1,2000,0,3032918238,0.6,0.511429723177234,0.43246287825167845
mm_1d,mm1_rawmax_kp2_kf2,raw_max,0.05,1,2000,0,3032918238,0.848528137424,0.7326655301539102,0.6573364170409846
mm_1d,mm1_rawmax_kp2_kf2,raw_max,0.05,1,2000,0,3032918238,1.2,0.9880900182869434,0.9273854849535397
mm_1d,mm1_rawmax_kp2_kf2,raw_max,0.05,1,2000,1,1066207224,0.01,4.6622955515054265,5.853337285813813
mm_1d,mm1_rawmax_kp2_kf2,raw_max,0.05,1,2000,1,1066207224,0.013258252147,4.681598378842182,5.88903147903437
mm_1d,mm1_rawmax_kp2_kf2,raw_max,0.05,1,2000,1,1066207224,0.01875,3.997126951981608,5.462440947346431
mm_1d,mm1_rawmax_kp2_kf2,raw_max,0.05,1,2000,1,1066207224,0.026516504294,1.9917145759271975,1.7875954018890974
mm_1d,mm1_rawmax_kp2_kf2,raw_max,0.05,1,2000,1,1066207224,0.0375,0.6179126540176723,0.5345792071831472
mm_1d,mm1_rawmax_kp2_kf2,raw_max,0.05,1,2000,1,1066207224,0.053033008589,0.19437547378390674,0.22198834142127175
mm_1d,mm1_rawmax_kp2_kf2,raw_max,0.05,1,2000,1,1066207224,0.075,0.123507385682676,0.15625346187968336
mm_1d,mm1_rawmax_kp2_kf2,raw_max,0.05,1,2000,1,1066207224,0.106066017178,0.14305341086300494,0.14831794549839847
mm_1d,mm1_rawmax_kp2_kf2,raw_max,0.05,1,2000,1,1066207224,0.15,0.20550331713274778,0.1927003872641169
mm_1d,mm1_rawmax_kp2_kf2,raw_max,0.05,1,2000,1,1066207224,0.212132034356,0.1836144405435336,0.15701504343017167
mm_1d,mm1_rawmax_kp2_kf2,raw_max,0.05,1,2000,1,1066207224,0.3,0.1863945463837302,0.17171921969986928
mm_1d,mm1_rawmax_kp2_kf2,raw_max,0.05,1,2000,1,1066207224,0.424264068712,0.298704836583924,0.263337203459014
mm_1d,mm1_rawmax_kp2_kf2,raw_max,0.05,1,2000,1,1066207224,0.6,0.49240372235788965,0.44579312586510556
mm_1d,mm1_rawmax_kp2_kf2,raw_max,0.05,1,2000,1,1066207224,0.848528137424,0.6921161522643715,0.6896683343669616
mm_1d,mm1_rawmax_kp2_kf2,raw_max,0.05,1,2000,1,1066207224,1.2,0.9167892068839267,0.9371785854848395
mm_1d,mm1_rawmax_kp2_kf2,raw_max,0.05,1,2000,2,3929519758,0.01,0.9203539046976186,0.8622698638816493
mm_1d,mm1_rawmax_kp2_kf2,raw_max,0.05,1,2000,2,3929519758,0.013258252147,0.8872291406544047,0.7487285859935536
mm_1d,mm1_rawmax_kp2_kf2,raw_max,0.05,1,2000,2,3929519758,0.01875,0.591874422048797,0.5382782046267238
mm_1d,mm1_rawmax_kp2_kf2,raw_max,0.05,1,2000,2,3929519758,0.026516504294,0.4780315487354625,0.5211671164516438
mm_1d,mm1_rawmax_kp2_kf2,raw_max,0.05,1,2000,2,3929519758,0.0375,0.5059909367108799,0.6555673728750819
mm_1d,mm1_rawmax_kp2_kf2,raw_max,0.05,1,2000,2,3929519758,0.053033008589,0.5115374646945221,0.6089823726297565
mm_1d,mm1_rawmax_kp2_kf2,raw_max,0.05,1,2000,2,3929519758,0.075,0.2355093324683262,0.2411660183537873
mm_1d,mm1_rawmax_kp2_kf2,raw_max,0.05,1,2000,2,3929519758,0.106066017178,0.1406950281257764,0.14994984287520724
mm_1d,mm1_rawmax_kp2_kf2,raw_max,0.05,1,2000,2,3929519758,0.15,0.10270740328133576,0.09642629477543843
mm_1d,mm1_rawmax_kp2_kf2,raw_max,0.05,1,2000,2,3929519758,0.212132034356,0.13718262802835723,0.15305064679550465
mm_1d,mm1_rawmax_kp2_kf2,raw_max,0.05,1,2000,2,3929519758,0.3,0.17290170923179662,0.22197442662039255
mm_1d,mm1_rawmax_kp2_kf2,raw_max,0.05,1,2000,2,3929519758,0.424264068712,0.28720232098135456,0.3099832886032823
mm_1d,mm1_rawmax_kp2_kf2,raw_max,0.05,1,2000,2,3929519758,0.6,0.43411821514362847,0.44883252873459556
mm_1d,mm1_rawmax_kp2_kf2,raw_max,0.05,1,2000,2,3929519758,0.848528137424,0.6461775442701789,0.6601640798486942
mm_1d,mm1_rawmax_kp2_kf2,raw_max,0.05,1,2000,2,3929519758,1.2,0.8938269652904929,0.9215767277947292
mm_1d,mm1_rawmax_kp2_kf2,raw_max,0.05,1,2000,3,4075413513,0.01,1.1535120268973116,1.3463397317558992
mm_1d,mm1_rawmax_kp2_kf2,raw_max,0.05,1,2000,3,4075413513,0.013258252147,1.1484336537130817,1.207220760473532
mm_1d,mm1_rawmax_kp2_kf2,raw_max,0.05,1,2000,3,4075413513,0.01875,0.9094459252253002,0.9364669060023527
mm_1d,mm1_rawmax_kp2_kf2,raw_max,0.05,1,2000,3,4075413513,0.026516504294,0.8564336874622973,0.8500829442455963
mm_1d,mm1_rawmax_kp2_kf2,raw_max,0.05,1,2000,3,4075413513,0.0375,0.8450884007270072,0.7801393947460807
mm_1d,mm1_rawmax_kp2_kf2,raw_max,0.05,1,2000,3,4075413513,0.053033008589,0.7920888471808882,0.689471547089527
mm_1d,mm1_rawmax_kp2_kf2,raw_max,0.05,1,2000,3,4075413513,0.075,0.7770954873204325,0.6949548650682346
mm_1d,mm1_rawmax_kp2_kf2,raw_max,0.05,1,2000,3,4075413513,0.106066017178,0.6821936954067538,0.5989209841144235
mm_1d,mm1_rawmax_kp2_kf2,raw_max,0.05,1,2000,3,4075413513,0.15,0.568125708041876,0.5004286822760113
mm_1d,mm1_rawmax_kp2_kf2,raw_max,0.05,1,2000,3,4075413513,0.212132034356,0.4698458062239057,0.3912038545237652
mm_1d,mm1_rawmax_kp2_kf2,raw_max,0.05,1,2000,3,4075413513,0.3,0.4139902518873799,0.3439303888956765
mm_1d,mm1_rawmax_kp2_kf2,raw_max,0.05,1,2000,3,4075413513,0.424264068712,0.23504536988606262,0.22241511394834057
mm_1d,mm1_rawmax_kp2_kf2,raw_max,0.05,1,2000,3,4075413513,0.6,0.4066699614095559,0.40377416871211025
mm_1d,mm1_rawmax_kp2_kf2,raw_max,0.05,1,2000,3,4075413513,0.848528137424,0.6405716431531694,0.6510815701809672
mm_1d,mm1_rawmax_kp2_kf2,raw_max,0.05,1,2000,3,4075413513,1.2,0.9040613135496582,0.9033275735323015
mm_1d,mm1_rawmax_kp2_kf2,raw_max,0.05,1,2000,4,3145778132,0.01,0.7833954034306441,0.6370778917484976
mm_1d,mm1_rawmax_kp2_kf2,raw_max,0.05,1,2000,4,3145778132,0.013258252147,0.7720122167428096,0.6081126698370021
mm_1d,mm1_rawmax_kp2_kf2,raw_max,0.05,1,2000,4,3145778132,0.01875,0.7069515893372595,0.6035473190770934
mm_1d,mm1_rawmax_kp2_kf2,raw_max,0.05,1,2000,4,3145778132,0.026516504294,0.6519863543620911,0.5658208416344829
mm_1d,mm1_rawmax_kp2_kf2,raw_max,0.05,1,2000,4,3145778132,0.0375,0.8813987106078384,0.753732878490557
mm_1d,mm1_rawmax_kp2_kf2,raw_max,0.05,1,2000,4,3145778132,0.053033008589,0.8593541168097519,0.757618623692813
mm_1d,mm1_rawmax_kp2_kf2,raw_max,0.05,1,2000,4,3145778132,0.075,0.6822840343081891,0.6071690850868171
mm_1d,mm1_rawmax_kp2_kf2,raw_max,0.05,1,2000,4,3145778132,0.106066017178,0.5750147625439315,0.5205507919680241
mm_1d,mm1_rawmax_kp2_kf2,raw_max,0.05,1,2000,4,3145778132,0.15,0.5707083880929845,0.5019672461024038
mm_1d,mm1_rawmax_kp2_kf2,raw_max,0.05,1,2000,4,3145778132,0.212132034356,0.4263568352897924,0.3848523363219721
mm_1d,mm1_rawmax_kp2_kf2,raw_max,0.05,1,2000,4,3145778132,0.3,0.3404078012531345,0.32653104426651625
mm_1d,mm1_rawmax_kp2_kf2,raw_max,0.05,1,2000,4,3145778132,0.424264068712,0.29007186349033365,0.335999771690573
mm_1d,mm1_rawmax_kp2_kf2,raw_max,0.05,1,2000,4,3145778132,0.6,0.430682623803597,0.41713427914339846
mm_1d,mm1_rawmax_kp2_kf2,raw_max,0.05,1,2000,4,3145778132,0.848528137424,0.6664659549944534,0.622905659865145
mm_1d,mm1_rawmax_kp2_kf2,raw_max,0.05,1,2000,4,3145778132,1.2,0.9418773084351828,0.9046221630194843
mm_1d,mm1_rawmax_kp2_kf2,raw_max,0.05,1,2000,5,2865763038,0.01,0.8772424540900277,1.0298376333938808
mm_1d,mm1_rawmax_kp2_kf2,raw_max,0.05,1,2000,5,2865763038,0.013258252147,0.8344731197570199,0.9751633491666842
mm_1d,mm1_rawmax_kp2_kf2,raw_max,0.05,1,2000,5,2865763038,0.01875,0.7775425540014353,0.7063057114853396
mm_1d,mm1_rawmax_kp2_kf2,raw_max,0.05,1,2000,5,2865763038,0.026516504294,0.7652721604370782,0.6666155915448561
mm_1d,mm1_rawmax_kp2_kf2,raw_max,0.05,1,2000,5,2865763038,0.0375,0.8044510230428754,0.7785601742940589
mm_1d,mm1_rawmax_kp2_kf2,raw_max,0.05,1,2000,5,2865763038,0.053033008589,0.8316254042723243,0.8468346229945846
mm_1d,mm1_rawmax_kp2_kf2,raw_max,0.05,1,2000,5,2865763038,0.075,0.677063448070486,0.7081713929299804
mm_1d,mm1_rawmax_kp2_kf2,raw_max,0.05,1,2000,5,2865763038,0.106066017178,0.4273064687836259,0.44175108862708384
mm_1d,mm1_rawmax_kp2_kf2,raw_max,0.05,1,2000,5,2865763038,0.15,0.26331074652107933,0.2756774001793456
mm_1d,mm1_rawmax_kp2_kf2,raw_max,0.05,1,2000,5,2865763038,0.212132034356,0.2038249905300611,0.2531006226926352
mm_1d,mm1_rawmax_kp2_kf2,raw_max,0.05,1,2000,5,2865763038,0.3,0.18656029773351746,0.2322271648137792
mm_1d,mm1_rawmax_kp2_kf2,raw_max,0.05,1,2000,5,2865763038,0.424264068712,0.2474246480572262,0.280595358006528
mm_1d,mm1_rawmax_kp2_kf2,raw_max,0.05,1,2000,5,2865763038,0.6,0.38986063074539,0.43778595329146874
mm_1d,mm1_rawmax_kp2_kf2,raw_max,0.05,1,2000,5,2865763038,0.848528137424,0.6826518508265449,0.6856519247234261
mm_1d,mm1_rawmax_kp2_kf2,raw_max,0.05,1,2000,5,2865763038,1.2,0.9761392105460269,0.9462593216388976
mm_1d,mm1_rawmax_kp2_kf2,raw_max,0.05,1,2000,6,561033802,0.01,1.1543699731533428,1.3049236857761677
mm_1d,mm1_rawmax_kp2_kf2,raw_max,0.05,1,2000,6,561033802,0.013258252147,1.001489900782329,1.1599880237859854
mm_1d,mm1_rawmax_kp2_kf2,raw_max,0.05,1,2000,6,561033802,0.01875,0.9197828570281725,1.1204979620160112
mm_1d,mm1_rawmax_kp2_kf2,raw_max,0.05,1,2000,6,561033802,0.026516504294,0.8956166855774503,1.0762455495128291
mm_1d,mm1_rawmax_kp2_kf2,raw_max,0.05,1,2000,6,561033802,0.0375,0.8527726045981647,0.9498727445689226
mm_1d,mm1_rawmax_kp2_kf2,raw_max,0.05,1,2000,6,561033802,0.053033008589,0.51423924982741,0.7081991317146346
mm_1d,mm1_rawmax_kp2_kf2,raw_max,0.05,1,2000,6,561033802,0.075,0.4203947638318146,0.49942936188571374
mm_1d,mm1_rawmax_kp2_kf2,raw_max,0.05,1,2000,6,561033802,0.106066017178,0.3724859137258528,0.37729551285135976
mm_1d,mm1_rawmax_kp2_kf2,raw_max,0.05,1,2000,6,561033802,0.15,0.2650464049406778,0.2535343474810414
mm_1d,mm1_rawmax_kp2_kf2,raw_max,0.05,1,2000,6,561033802,0.212132034356,0.256313939847855,0.22169153132747546
mm_1d,mm1_rawmax_kp2_kf2,raw_max,0.05,1,2000,6,561033802,0.3,0.28965976661118864,0.25482169100238194
mm_1d,mm1_rawmax_kp2_kf2,raw_max,0.05,1,2000,6,561033802,0.424264068712,0.23323035119183488,0.26679604628786713
mm_1d,mm1_rawmax_kp2_kf2,raw_max,0.05,1,2000,6,561033802,0.6,0.3712935954000829,0.3664081814439144
mm_1d,mm1_rawmax_kp2_kf2,raw_max,0.05,1,2000,6,561033802,0.848528137424,0.638727779816816,0.5977321967445135
mm_1d,mm1_rawmax_kp2_kf2,raw_max,0.05,1,2000,6,561033802,1.2,0.924829773778949,0.8457245962962043
mm_1d,mm1_rawmax_kp2_kf2,raw_max,0.05,1,2000,7,411878496,0.01,1.4636761552263504,1.3206539026499158
mm_1d,mm1_rawmax_kp2_kf2,raw_max,0.05,1,2000,7,411878496,0.013258252147,1.1970701534011052,1.0165383797073075
mm_1d,mm1_rawmax_kp2_kf2,raw_max,0.05,1,2000,7,411878496,0.01875,0.525530613955017,0.4575465633170718
mm_1d,mm1_rawmax_kp2_kf2,raw_max,0.05,1,2000,7,411878496,0.026516504294,0.28699313345233823,0.29302356381024236
mm_1d,mm1_rawmax_kp2_kf2,raw_max,0.05,1,2000,7,411878496,0.0375,0.3699826795873141,0.38149354787622314
mm_1d,mm1_rawmax_kp2_kf2,raw_max,0.05,1,2000,7,411878496,0.053033008589,0.3295120245858384,0.35711355412486345
mm_1d,mm1_rawmax_kp2_kf2,raw_max,0.05,1,2000,7,411878496,0.075,0.2896837390086656,0.354619709467783
mm_1d,mm1_rawmax_kp2_kf2,raw_max,0.05,1,2000,7,411878496,0.106066017178,0.21091120140531017,0.3027627439640454
mm_1d,mm1_rawmax_kp2_kf2,raw_max,0.05,1,2000,7,411878496,0.15,0.18783778955398234,0.2361499328289218
mm_1d,mm1_rawmax_kp2_kf2,raw_max,0.05,1,2000,7,411878496,0.212132034356,0.19172364696163807,0.24140607600966038
mm_1d,mm1_rawmax_kp2_kf2,raw_max,0.05,1,2000,7,411878496,0.3,0.2191086306392287,0.26824313046720466
mm_1d,mm1_rawmax_kp2_kf2,raw_max,0.05,1,2000,7,411878496,0.424264068712,0.2845061295301259,0.29928546060062006
mm_1d,mm1_rawmax_kp2_kf2,raw_max,0.05,1,2000,7,411878496,0.6,0.4577042129699693,0.43529357112899
mm_1d,mm1_rawmax_kp2_kf2,raw_max,0.05,1,2000,7,411878496,0.848528137424,0.6814915447453866,0.6487463516880972
mm_1d,mm1_rawmax_kp2_kf2,raw_max,0.05,1,2000,7,411878496,1.2,0.9628283606336379,0.8911657393502428
mm_1d,mm1_rawmax_kp2_kf2,raw_max,0.05,1,2000,8,1143809828,0.01,1.5354774164029399,1.493828476839495
mm_1d,mm1_rawmax_kp2_kf2,raw_max,0.05,1,2000,8,1143809828,0.013258252147,1.5360136029077083,1.548683667130987
mm_1d,mm1_rawmax_kp2_kf2,raw_max,0.05,1,2000,8,1143809828,0.01875,1.22760551298094,1.2817829929034155
mm_1d,mm1_rawmax_kp2_kf2,raw_max,0.05,1,2000,8,1143809828,0.026516504294,1.0837052342780802,1.0717351984457624
mm_1d,mm1_rawmax_kp2_kf2,raw_max,0.05,1,2000,8,1143809828,0.0375,0.8489769451992686,0.843502837371928
mm_1d,mm1_rawmax_kp2_kf2,raw_max,0.05,1,2000,8,1143809828,0.053033008589,0.6940106493598757,0.6585817186118262
mm_1d,mm1_rawmax_kp2_kf2,raw_max,0.05,1,2000,8,1143809828,0.075,0.6857658723460558,0.6420215120608106
mm_1d,mm1_rawmax_kp2_kf2,raw_max,0.05,1,2000,8,1143809828,0.106066017178,0.705472949754586,0.6845923737030027
mm_1d,mm1_rawmax_kp2_kf2,raw_max,0.05,1,2000,8,1143809828,0.15,0.6003676134423257,0.6096902630423823
mm_1d,mm1_rawmax_kp2_kf2,raw_max,0.05,1,2000,8,1143809828,0.212132034356,0.38638423433431335,0.39081128680822674
mm_1d,mm1_rawmax_kp2_kf2,raw_max,0.05,1,2000,8,1143809828,0.3,0.17709114712607943,0.14007589248872446
mm_1d,mm1_rawmax_kp2_kf2,raw_max,0.05,1,2000,8,1143809828,0.424264068712,0.2769771591182246,0.2389167227420752
mm_1d,mm1_rawmax_kp2_kf2,raw_max,0.05,1,2000,8,1143809828,0.6,0.4342558290937908,0.4207704935463529
mm_1d,mm1_rawmax_kp2_kf2,raw_max,0.05,1,2000,8,1143809828,0.848528137424,0.654019948193979,0.685126343735961
mm_1d,mm1_rawmax_kp2_kf2,raw_max,0.05,1,2000,8,1143809828,1.2,0.9517012653487134,0.9955438550482634
mm_1d,mm1_rawmax_kp2_kf2,raw_max,0.05,1,2000,9,1897686915,0.01,2.209208242574848,3.139139195957573
mm_1d,mm1_rawmax_kp2_kf2,raw_max,0.05,1,2000,9,1897686915,0.013258252147,1.782375755088788,2.3505160270562984
mm_1d,mm1_rawmax_kp2_kf2,raw_max,0.05,1,2000,9,1897686915,0.01875,1.682914521277704,2.290696354614403
mm_1d,mm1_rawmax_kp2_kf2,raw_max,0.05,1,2000,9,1897686915,0.026516504294,1.1785073877373025,1.3757872625878074
mm_1d,mm1_rawmax_kp2_kf2,raw_max,0.05,1,2000,9,1897686915,0.0375,1.094838917932413,1.2905265422501593
mm_1d,mm1_rawmax_kp2_kf2,raw_max,0.05,1,2000,9,1897686915,0.053033008589,0.8004572696511942,0.818901381789554
mm_1d,mm1_rawmax_kp2_kf2,raw_max,0.05,1,2000,9,1897686915,0.075,0.7100420920218962,0.6243101040891492
mm_1d,mm1_rawmax_kp2_kf2,raw_max,0.05,1,2000,9,1897686915,0.106066017178,0.5706069233269464,0.5083209933468702
mm_1d,mm1_rawmax_kp2_kf2,raw_max,0.05,1,2000,9,1897686915,0.15,0.3575063935420457,0.40431299668381776
mm_1d,mm1_rawmax_kp2_kf2,raw_max,0.05,1,2000,9,1897686915,0.212132034356,0.5730809817223874,0.5474215181612966
mm_1d,mm1_rawmax_kp2_kf2,raw_max,0.05,1,2000,9,1897686915,0.3,0.5466016650524153,0.5265193283834947
mm_1d,mm1_rawmax_kp2_kf2,raw_max,0.05,1,2000,9,1897686915,0.424264068712,0.4623452661604204,0.4838357537132451
mm_1d,mm1_rawmax_kp2_kf2,raw_max,0.05,1,2000,9,1897686915,0.6,0.41073132121907263,0.5635666009168571
mm_1d,mm1_rawmax_kp2_kf2,raw_max,0.05,1,2000,9,1897686915,0.848528137424,0.6328290649589512,0.7618189024948301
mm_1d,mm1_rawmax_kp2_kf2,raw_max,0.05,1,2000,9,1897686915,1.2,0.8786588176484234,0.9489033374844972
mm_1d,mm1_rawmax_kp2_kf2,raw_max,0.05,1,2000,10,310984977,0.01,1.2970869730337546,1.3599830179287493
mm_1d,mm1_rawmax_kp2_kf2,raw_max,0.05,1,2000,10,310984977,0.013258252147,1.3041601226751047,1.316997786943411
mm_1d,mm1_rawmax_kp2_kf2,raw_max,0.05,1,2000,10,310984977,0.01875,0.9782191437819714,1.0572650722121923
mm_1d,mm1_rawmax_kp2_kf2,raw_max,0.05,1,2000,10,310984977,0.026516504294,0.969830684025041,1.0773478317395873
mm_1d,mm1_rawmax_kp2_kf2,raw_max,0.05,1,2000,10,310984977,0.0375,0.9591327794453557,0.985932028888944
mm_1d,mm1_rawmax_kp2_kf2,raw_max,0.05,1,2000,10,310984977,0.053033008589,0.5640529060169315,0.6609118060362751
mm_1d,mm1_rawmax_kp2_kf2,raw_max,0.05,1,2000,10,310984977,0.075,0.5244927364198775,0.5603135946537925
mm_1d,mm1_rawmax_kp2_kf2,raw_max,0.05,1,2000,10,310984977,0.106066017178,0.40583627636620445,0.44771146897661473
mm_1d,mm1_rawmax_kp2_kf2,raw_max,0.05,1,2000,10,310984977,0.15,0.32466875005698714,0.36180992694690867
mm_1d,mm1_rawmax_kp2_kf2,raw_max,0.05,1,2000,10,310984977,0.212132034356,0.18441700529334254,0.21197675898088258
mm_1d,mm1_rawmax_kp2_kf2,raw_max,0.05,1,2000,10,310984977,0.3,0.14790239933876012,0.14920073847401788
mm_1d,mm1_rawmax_kp2_kf2,raw_max,0.05,1,2000,10,310984977,0.424264068712,0.22972549936446085,0.24411788943602214
mm_1d,mm1_rawmax_kp2_kf2,raw_max,0.05,1,2000,10,310984977,0.6,0.4407668379121621,0.4402646680038412
mm_1d,mm1_rawmax_kp2_kf2,raw_max,0.05,1,2000,10,310984977,0.848528137424,0.6797103755576899,0.7337570277163695
mm_1d,mm1_rawmax_kp2_kf2,raw_max,0.05,1,2000,10,310984977,1.2,0.9795177574555569,0.9991969475538865
mm_1d,mm1_rawmax_kp2_kf2,raw_max,0.05,1,2000,11,3807402261,0.01,0.783352409835723,1.1370321626493216
mm_1d,mm1_rawmax_kp2_kf2,raw_max,0.05,1,2000,11,3807402261,0.013258252147,0.5741033685789638,0.6893096735539201
mm_1d,mm1_rawmax_kp2_kf2,raw_max,0.05,1,2000,11,3807402261,0.01875,0.550855205580608,0.5316708852624883
mm_1d,mm1_rawmax_kp2_kf2,raw_max,0.05,1,2000,11,3807402261,0.026516504294,0.5696395561724916,0.5578707612341869
mm_1d,mm1_rawmax_kp2_kf2,raw_max,0.05,1,2000,11,3807402261,0.0375,0.6256045435317996,0.6355064361208576
mm_1d,mm1_rawmax_kp2_kf2,raw_max,0.05,1,2000,11,3807402261,0.053033008589,0.6591969511781341,0.7101270094169571
mm_1d,mm1_rawmax_kp2_kf2,raw_max,0.05,1,2000,11,3807402261,0.075,0.5596545262021424,0.6136950257894517
mm_1d,mm1_rawmax_kp2_kf2,raw_max,0.05,1,2000,11,3807402261,0.106066017178,0.33322014305695635,0.3355265891176585
mm_1d,mm1_rawmax_kp2_kf2,raw_max,0.05,1,2000,11,3807402261,0.15,0.2683351833516596,0.2669870384566782
mm_1d,mm1_rawmax_kp2_kf2,raw_max,0.05,1,2000,11,3807402261,0.212132034356,0.21710916443272144,0.1617679187051397
mm_1d,mm1_rawmax_kp2_kf2,raw_max,0.05,1,2000,11,3807402261,0.3,0.213382039832398,0.1813538784829054
mm_1d,mm1_rawmax_kp2_kf2,raw_max,0.05,1,2000,11,3807402261,0.424264068712,0.2024533131520596,0.25453467893665715
mm_1d,mm1_rawmax_kp2_kf2,raw_max,0.05,1,2000,11,3807402261,0.6,0.3589086797263574,0.3590578042424434
mm_1d,mm1_rawmax_kp2_kf2,raw_max,0.05,1,2000,11,3807402261,0.848528137424,0.614567156012336,0.695833685913219
mm_1d,mm1_rawmax_kp2_kf2,raw_max,0.05,1,2000,11,3807402261,1.2,0.8953410311896326,1.0023610605834608
mm_1d,mm1_rawmax_kp2_kf2,raw_max,0.05,1,2000,12,2035922533,0.01,0.9032308459268674,0.8705158150354723
mm_1d,mm1_rawmax_kp2_kf2,raw_max,0.05,1,2000,12,2035922533,0.013258252147,0.9709665032548642,0.9317030551271814
mm_1d,mm1_rawmax_kp2_kf2,raw_max,0.05,1,2000,12,2035922533,0.01875,0.4108835907955708,0.4983165347859698
mm_1d,mm1_rawmax_kp2_kf2,raw_max,0.05,1,2000,12,2035922533,0.026516504294,0.4829050908651825,0.4647662045428342
mm_1d,mm1_rawmax_kp2_kf2,raw_max,0.05,1,2000,12,2035922533,0.0375,0.7245845920585586,0.625441713962511
mm_1d,mm1_rawmax_kp2_kf2,raw_max,0.05,1,2000,12,2035922533,0.053033008589,0.7715232257305197,0.6563066931462644
mm_1d,mm1_rawmax_kp2_kf2,raw_max,0.05,1,2000,12,2035922533,0.075,0.5613741019893427,0.5071905166611229
mm_1d,mm1_rawmax_kp2_kf2,raw_max,0.05,1,2000,12,2035922533,0.106066017178,0.3932415505910175,0.3877639089536717
mm_1d,mm1_rawmax_kp2_kf2,raw_max,0.05,1,2000,12,2035922533,0.15,0.3222598974702029,0.3468522096660234
mm_1d,mm1_rawmax_kp2_kf2,raw_max,0.05,1,2000,12,2035922533,0.212132034356,0.27040292395732346,0.2923547860715257
mm_1d,mm1_rawmax_kp2_kf2,raw_max,0.05,1,2000,12,2035922533,0.3,0.2633340103524664,0.2988819194295136
mm_1d,mm1_rawmax_kp2_kf2,raw_max,0.05,1,2000,12,2035922533,0.424264068712,0.2604254381340543,0.2956569026510835
mm_1d,mm1_rawmax_kp2_kf2,raw_max,0.05,1,2000,12,2035922533,0.6,0.3860945733137515,0.39968660631506686
mm_1d,mm1_rawmax_kp2_kf2,raw_max,0.05,1,2000,12,2035922533,0.848528137424,0.631843884575094,0.6359071596363953
mm_1d,mm1_rawmax_kp2_kf2,raw_max,0.05,1,2000,12,2035922533,1.2,0.9112638168458613,0.8880509755094359
mm_1d,mm1_rawmax_kp2_kf2,raw_max,0.05,1,2000,13,2995539971,0.01,0.862360584807174,0.7583344975968972
mm_1d,mm1_rawmax_kp2_kf2,raw_max,0.05,1,2000,13,2995539971,0.013258252147,0.9720737980595877,0.8637089717989355
mm_1d,mm1_rawmax_kp2_kf2,raw_max,0.05,1,2000,13,2995539971,0.01875,0.7620038447199925,0.7150644113195943
mm_1d,mm1_rawmax_kp2_kf2,raw_max,0.05,1,2000,13,2995539971,0.026516504294,0.5924737799809314,0.596693556556574
mm_1d,mm1_rawmax_kp2_kf2,raw_max,0.05,1,2000,13,2995539971,0.0375,0.3760993885918883,0.3436595329733152
mm_1d,mm1_rawmax_kp2_kf2,raw_max,0.05,1,2000,13,2995539971,0.053033008589,0.14721542763970008,0.15425799976495505
mm_1d,mm1_rawmax_kp2_kf2,raw_max,0.05,1,2000,13,2995539971,0.075,0.13363523049118942,0.1461171282369285
mm_1d,mm1_rawmax_kp2_kf2,raw_max,0.05,1,2000,13,2995539971,0.106066017178,0.19062125396792723,0.23984035924595465
mm_1d,mm1_rawmax_kp2_kf2,raw_max,0.05,1,2000,13,2995539971,0.15,0.2692286266003138,0.2916785040036478
mm_1d,mm1_rawmax_kp2_kf2,raw_max,0.05,1,2000,13,2995539971,0.212132034356,0.1998850806310623,0.22161225660451894
mm_1d,mm1_rawmax_kp2_kf2,raw_max,0.05,1,2000,13,2995539971,0.3,0.11260811835330092,0.1560530764523381
mm_1d,mm1_rawmax_kp2_kf2,raw_max,0.05,1,2000,13,2995539971,0.424264068712,0.1758852704121605,0.20243398412900296
mm_1d,mm1_rawmax_kp2_kf2,raw_max,0.05,1,2000,13,2995539971,0.6,0.4114853408600405,0.3871188355984869
mm_1d,mm1_rawmax_kp2_kf2,raw_max,0.05,1,2000,13,2995539971,0.848528137424,0.6578108197751442,0.6276475807555797
mm_1d,mm1_rawmax_kp2_kf2,raw_max,0.05,1,2000,13,2995539971,1.2,0.9393595252374309,0.8913842796543275
mm_1d,mm1_rawmax_kp2_kf2,raw_max,0.05,1,2000,14,913046978,0.01,1.3018735619782023,1.187594023674421
mm_1d,mm1_rawmax_kp2_kf2,raw_max,0.05,1,2000,14,913046978,0.013258252147,1.1142693063440121,1.0158882085916476
mm_1d,mm1_rawmax_kp2_kf2,raw_max,0.05,1,2000,14,913046978,0.01875,0.7956311385197281,0.7442540540328527
mm_1d,mm1_rawmax_kp2_kf2,raw_max,0.05,1,2000,14,913046978,0.026516504294,0.596049648497367,0.5337082585813687
mm_1d,mm1_rawmax_kp2_kf2,raw_max,0.05,1,2000,14,913046978,0.0375,0.5532652778569368,0.4580783918363887
mm_1d,mm1_rawmax_kp2_kf2,raw_max,0.05,1,2000,14,913046978,0.053033008589,0.47460844453489515,0.3942978868304675
mm_1d,mm1_rawmax_kp2_kf2,raw_max,0.05,1,2000,14,913046978,0.075,0.4641655894450728,0.38927622497960723
mm_1d,mm1_rawmax_kp2_kf2,raw_max,0.05,1,2000,14,913046978,0.106066017178,0.36800023576558494,0.3212296424417883
mm_1d,mm1_rawmax_kp2_kf2,raw_max,0.05,1,2000,14,913046978,0.15,0.24676108059290502,0.24008506456137993
mm_1d,mm1_rawmax_kp2_kf2,raw_max,0.05,1,2000,14,913046978,0.212132034356,0.24827323449538796,0.1530336654045237
mm_1d,mm1_rawmax_kp2_kf2,raw_max,0.05,1,2000,14,913046978,0.3,0.5167306952078732,0.36477627190698636
mm_1d,mm1_rawmax_kp2_kf2,raw_max,0.05,1,2000,14,913046978,0.424264068712,0.4964478544316979,0.4092512745076241
mm_1d,mm1_rawmax_kp2_kf2,raw_max,0.05,1,2000,14,913046978,0.6,0.43230593999189426,0.47818233649222636
mm_1d,mm1_rawmax_kp2_kf2,raw_max,0.05,1,2000,14,913046978,0.848528137424,0.6253101739078881,0.6222399192607817
mm_1d,mm1_rawmax_kp2_kf2,raw_max,0.05,1,2000,14,913046978,1.2,0.9125710827888378,0.852370453950541
mm_1d,mm1_rawmax_kp2_kf2,raw_max,0.05,1,2000,15,1402190273,0.01,1.2269291877850104,1.3420774820699828
mm_1d,mm1_rawmax_kp2_kf2,raw_max,0.05,1,2000,15,1402190273,0.013258252147,1.2103465824410082,1.267026500031723
mm_1d,mm1_rawmax_kp2_kf2,raw_max,0.05,1,2000,15,1402190273,0.01875,1.2178437004227587,1.2635611475656598
mm_1d,mm1_rawmax_kp2_kf2,raw_max,0.05,1,2000,15,1402190273,0.026516504294,0.9340039664887971,1.0377816215877842
mm_1d,mm1_rawmax_kp2_kf2,raw_max,0.05,1,2000,15,1402190273,0.0375,0.5938060770547231,0.6343275498396669
mm_1d,mm1_rawmax_kp2_kf2,raw_max,0.05,1,2000,15,1402190273,0.053033008589,0.5247057222520822,0.572069174742188
mm_1d,mm1_rawmax_kp2_kf2,raw_max,0.05,1,2000,15,1402190273,0.075,0.4507049065139733,0.5013706345026812
mm_1d,mm1_rawmax_kp2_kf2,raw_max,0.05,1,2000,15,1402190273,0.106066017178,0.3126051172736064,0.31621055533282244
mm_1d,mm1_rawmax_kp2_kf2,raw_max,0.05,1,2000,15,1402190273,0.15,0.31550230053996753,0.24155970408686342
mm_1d,mm1_rawmax_kp2_kf2,raw_max,0.05,1,2000,15,1402190273,0.212132034356,0.7501586714851165,0.4053462232655473
mm_1d,mm1_rawmax_kp2_kf2,raw_max,0.05,1,2000,15,1402190273,0.3,0.9438485972626658,0.5608128694850241
mm_1d,mm1_rawmax_kp2_kf2,raw_max,0.05,1,2000,15,1402190273,0.424264068712,0.8831399374305227,0.5411232572796731
mm_1d,mm1_rawmax_kp2_kf2,raw_max,0.05,1,2000,15,1402190273,0.6,0.7947651356691658,0.5856522509804172
mm_1d,mm1_rawmax_kp2_kf2,raw_max,0.05,1,2000,15,1402190273,0.848528137424,1.0933419806170857,0.9042790064008284
mm_1d,mm1_rawmax_kp2_kf2,raw_max,0.05,1,2000,15,1402190273,1.2,1.1432947566624785,1.1565175724561612
mm_1d,mm1_rawmax_kp2_kf2,raw_max,0.05,1,2000,16,498139153,0.01,1.7581642053172866,1.7700575144942305
mm_1d,mm1_rawmax_kp2_kf2,raw_max,0.05,1,2000,16,498139153,0.013258252147,1.4517740853241128,1.3813340988497835
mm_1d,mm1_rawmax_kp2_kf2,raw_max,0.05,1,2000,16,498139153,0.01875,0.9783204694680018,0.9925610542367737
mm_1d,mm1_rawmax_kp2_kf2,raw_max,0.05,1,2000,16,498139153,0.026516504294,0.8167722874591963,0.9197710113900159
mm_1d,mm1_rawmax_kp2_kf2,raw_max,0.05,1,2000,16,498139153,0.0375,0.8751746884767782,0.9308546497454211
mm_1d,mm1_rawmax_kp2_kf2,raw_max,0.05,1,2000,16,498139153,0.053033008589,0.862835985574641,0.8921683341168208
mm_1d,mm1_rawmax_kp2_kf2,raw_max,0.05,1,2000,16,498139153,0.075,0.7830047794462573,0.8027193199207046
mm_1d,mm1_rawmax_kp2_kf2,raw_max,0.05,1,2000,16,498139153,0.106066017178,0.7760668702920821,0.8266905286950899
mm_1d,mm1_rawmax_kp2_kf2,raw_max,0.05,1,2000,16,498139153,0.15,0.34407890299382154,0.3971121804466697
mm_1d,mm1_rawmax_kp2_kf2,raw_max,0.05,1,2000,16,498139153,0.212132034356,0.5756916351535817,0.43403471113296394
mm_1d,mm1_rawmax_kp2_kf2,raw_max,0.05,1,2000,16,498139153,0.3,0.5345106479017008,0.3948746716560088
mm_1d,mm1_rawmax_kp2_kf2,raw_max,0.05,1,2000,16,498139153,0.424264068712,0.4335563597428882,0.3917524198022285
mm_1d,mm1_rawmax_kp2_kf2,raw_max,0.05,1,2000,16,498139153,0.6,0.4715143948803917,0.5220485125381666
mm_1d,mm1_rawmax_kp2_kf2,raw_max,0.05,1,2000,16,498139153,0.848528137424,0.6178970834663688,0.7398331464546053
mm_1d,mm1_rawmax_kp2_kf2,raw_max,0.05,1,2000,16,498139153,1.2,0.9334225051498157,1.0048415048385588
mm_1d,mm1_rawmax_kp2_kf2,raw_max,0.05,1,2000,17,3152197458,0.01,1.2131123959430044,1.2498648365911216
mm_1d,mm1_rawmax_kp2_kf2,raw_max,0.05,1,2000,17,3152197458,0.013258252147,0.704942976993586,0.6662473057145077
mm_1d,mm1_rawmax_kp2_kf2,raw_max,0.05,1,2000,17,3152197458,0.01875,0.6640538186912175,0.6007912736350046
mm_1d,mm1_rawmax_kp2_kf2,raw_max,0.05,1,2000,17,3152197458,0.026516504294,0.6805564306353191,0.6333745598765484
mm_1d,mm1_rawmax_kp2_kf2,raw_max,0.05,1,2000,17,3152197458,0.0375,0.685167918342418,0.5984267955408222
mm_1d,mm1_rawmax_kp2_kf2,raw_max,0.05,1,2000,17,3152197458,0.053033008589,0.6929317580818104,0.5804187024531469
mm_1d,mm1_rawmax_kp2_kf2,raw_max,0.05,1,2000,17,3152197458,0.075,0.6822641662961382,0.605863639427379
mm_1d,mm1_rawmax_kp2_kf2,raw_max,0.05,1,2000,17,3152197458,0.106066017178,0.5762996562192297,0.5020673768690078
mm_1d,mm1_rawmax_kp2_kf2,raw_max,0.05,1,2000,17,3152197458,0.15,0.49199754344840096,0.4264852007212889
mm_1d,mm1_rawmax_kp2_kf2,raw_max,0.05,1,2000,17,3152197458,0.212132034356,0.40400051405891935,0.34350860673238076
mm_1d,mm1_rawmax_kp2_kf2,raw_max,0.05,1,2000,17,3152197458,0.3,0.36801457224379597,0.32799978280428954
mm_1d,mm1_rawmax_kp2_kf2,raw_max,0.05,1,2000,17,3152197458,0.424264068712,0.22906275673695564,0.2554825772862722
mm_1d,mm1_rawmax_kp2_kf2,raw_max,0.05,1,2000,17,3152197458,0.6,0.41939685509990277,0.39443035140361665
mm_1d,mm1_rawmax_kp2_kf2,raw_max,0.05,1,2000,17,3152197458,0.848528137424,0.6733788960822695,0.6744512070216121
mm_1d,mm1_rawmax_kp2_kf2,raw_max,0.05,1,2000,17,3152197458,1.2,0.9155543145429823,0.948801645443113
mm_1d,mm1_rawmax_kp2_kf2,raw_max,0.05,1,2000,18,3325497001,0.01,0.23668341711525367,0.22670407131112788
mm_1d,mm1_rawmax_kp2_kf2,raw_max,0.05,1,2000,18,3325497001,0.013258252147,0.3016730980131205,0.254497380774389
mm_1d,mm1_rawmax_kp2_kf2,raw_max,0.05,1,2000,18,3325497001,0.01875,0.2156885779656479,0.20465513449297754
mm_1d,mm1_rawmax_kp2_kf2,raw_max,0.05,1,2000,18,3325497001,0.026516504294,0.2975993310721048,0.3595717854601211
mm_1d,mm1_rawmax_kp2_kf2,raw_max,0.05,1,2000,18,3325497001,0.0375,0.2648726483554038,0.30513608253625996
mm_1d,mm1_rawmax_kp2_kf2,raw_max,0.05,1,2000,18,3325497001,0.053033008589,0.21844547390859514,0.23723393632969028
mm_1d,mm1_rawmax_kp2_kf2,raw_max,0.05,1,2000,18,3325497001,0.075,0.16737181387616318,0.1819531281766164
mm_1d,mm1_rawmax_kp2_kf2,raw_max,0.05,1,2000,18,3325497001,0.106066017178,0.15923247626684367,0.19109266447621726
mm_1d,mm1_rawmax_kp2_kf2,raw_max,0.05,1,2000,18,3325497001,0.15,0.15047731445589935,0.17222601053427855
mm_1d,mm1_rawmax_kp2_kf2,raw_max,0.05,1,2000,18,3325497001,0.212132034356,0.17305479295238096,0.1916562075830732
mm_1d,mm1_rawmax_kp2_kf2,raw_max,0.05,1,2000,18,3325497001,0.3,0.216810728722856,0.25063645550462893
mm_1d,mm1_rawmax_kp2_kf2,raw_max,0.05,1,2000,18,3325497001,0.424264068712,0.40148043240274545,0.4835621679078699
mm_1d,mm1_rawmax_kp2_kf2,raw_max,0.05,1,2000,18,3325497001,0.6,0.5105561777893313,0.652611637384803
mm_1d,mm1_rawmax_kp2_kf2,raw_max,0.05,1,2000,18,3325497001,0.848528137424,0.6253513078577115,0.852334161170828
mm_1d,mm1_rawmax_kp2_kf2,raw_max,0.05,1,2000,18,3325497001,1.2,0.8816529026119191,1.070751758506949
mm_1d,mm1_rawmax_kp2_kf2,raw_max,0.05,1,2000,19,945472433,0.01,2.4559543309273937,3.256885544165239
mm_1d,mm1_rawmax_kp2_kf2,raw_max,0.05,1,2000,19,945472433,0.013258252147,2.456646237213224,3.380478991519303
mm_1d,mm1_rawmax_kp2_kf2,raw_max,0.05,1,2000,19,945472433,0.01875,1.7997220566706282,1.966310639550812
mm_1d,mm1_rawmax_kp2_kf2,raw_max,0.05,1,2000,19,945472433,0.026516504294,1.4677208103746588,1.5335266809984733
mm_1d,mm1_rawmax_kp2_kf2,raw_max,0.05,1,2000,19,945472433,0.0375,1.0280925238422156,1.1088770987579328
mm_1d,mm1_rawmax_kp2_kf2,raw_max,0.05,1,2000,19,945472433,0.053033008589,0.8522115699285605,0.8245696648973585
mm_1d,mm1_rawmax_kp2_kf2,raw_max,0.05,1,2000,19,945472433,0.075,0.545376101944792,0.43856714332477637
mm_1d,mm1_rawmax_kp2_kf2,raw_max,0.05,1,2000,19,945472433,0.106066017178,0.8825504619227031,0.6925876231797139
mm_1d,mm1_rawmax_kp2_kf2,raw_max,0.05,1,2000,19,945472433,0.15,1.2924879036672876,1.0392369007828013
mm_1d,mm1_rawmax_kp2_kf2,raw_max,0.05,1,2000,19,945472433,0.212132034356,1.257089020161164,0.9875196645800752
mm_1d,mm1_rawmax_kp2_kf2,raw_max,0.05,1,2000,19,945472433,0.3,1.1436783769311114,0.8758847242912478
mm_1d,mm1_rawmax_kp2_kf2,raw_max,0.05,1,2000,19,945472433,0.424264068712,0.9908818157485915,0.7895314849448593
mm_1d,mm1_rawmax_kp2_kf2,raw_max,0.05,1,2000,19,945472433,0.6,0.8651814341010793,0.8054049717129186
mm_1d,mm1_rawmax_kp2_kf2,raw_max,0.05,1,2000,19,945472433,0.848528137424,0.7931653105525187,0.9193836319783416
mm_1d,mm1_rawmax_kp2_kf2,raw_max,0.05,1,2000,19,945472433,1.2,0.9209886060413901,1.1023197582186832
mm_1d,mm1_rawmax_kp2_kf2,raw_max,0.05,1,4000,0,3070822591,0.005,1.3461483411301862,1.693997973688869
mm_1d,mm1_rawmax_kp2_kf2,raw_max,0.05,1,4000,0,3070822591,0.006629126074,1.0241840401480644,1.1697621295941023
mm_1d,mm1_rawmax_kp2_kf2,raw_max,0.05,1,4000,0,3070822591,0.009375,0.9545704577189089,0.9208579796938695
mm_1d,mm1_rawmax_kp2_kf2,raw_max,0.05,1,4000,0,3070822591,0.013258252147,0.9220258486768858,0.8266290500848438
mm_1d,mm1_rawmax_kp2_kf2,raw_max,0.05,1,4000,0,3070822591,0.01875,0.8868962513961143,0.7640803149583152
mm_1d,mm1_rawmax_kp2_kf2,raw_max,0.05,1,4000,0,3070822591,0.026516504294,0.8603228788944302,0.7271863913142987
mm_1d,mm1_rawmax_kp2_kf2,raw_max,0.05,1,4000,0,3070822591,0.0375,0.34199457327118243,0.37687680873079904
mm_1d,mm1_rawmax_kp2_kf2,raw_max,0.05,1,4000,0,3070822591,0.053033008589,0.0739188712788097,0.07693023210852544
mm_1d,mm1_rawmax_kp2_kf2,raw_max,0.05,1,4000,0,3070822591,0.075,0.26397191709188417,0.2834810517565342
mm_1d,mm1_rawmax_kp2_kf2,raw_max,0.05,1,4000,0,3070822591,0.106066017178,0.4031153619842627,0.4353462701341498
mm_1d,mm1_rawmax_kp2_kf2,raw_max,0.05,1,4000,0,3070822591,0.15,0.3541205873322333,0.36495793588634545
mm_1d,mm1_rawmax_kp2_kf2,raw_max,0.05,1,4000,0,3070822591,0.212132034356,0.2828933880555411,0.2744050541286819
mm_1d,mm1_rawmax_kp2_kf2,raw_max,0.05,1,4000,0,3070822591,0.3,0.21003166944513607,0.22949364885922724
mm_1d,mm1_rawmax_kp2_kf2,raw_max,0.05,1,4000,0,3070822591,0.424264068712,0.2686525508001807,0.3482930927841287
mm_1d,mm1_rawmax_kp2_kf2,raw_max,0.05,1,4000,0,3070822591,0.6,0.46217189152991445,0.5125894130351607
mm_1d,mm1_rawmax_kp2_kf2,raw_max,0.05,1,4000,0,3070822591,0.848528137424,0.6893725159036639,0.7471672916914021
mm_1d,mm1_rawmax_kp2_kf2,raw_max,0.05,1,4000,0,3070822591,1.2,0.9374909855258273,0.9744181433589005
mm_1d,mm1_rawmax_kp2_kf2,raw_max,0.05,1,4000,1,350446006,0.005,1.3878391362129423,1.3167142118326334
mm_1d,mm1_rawmax_kp2_kf2,raw_max,0.05,1,4000,1,350446006,0.006629126074,1.3961442391495331,1.349017430852253
mm_1d,mm1_rawmax_kp2_kf2,raw_max,0.05,1,4000,1,350446006,0.009375,1.1575213681814374,1.1193469203188124
mm_1d,mm1_rawmax_kp2_kf2,raw_max,0.05,1,4000,1,350446006,0.013258252147,0.2993488380821555,0.3977430960552182
mm_1d,mm1_rawmax_kp2_kf2,raw_max,0.05,1,4000,1,350446006,0.01875,0.2592595513448921,0.2622421083787627
mm_1d,mm1_rawmax_kp2_kf2,raw_max,0.05,1,4000,1,350446006,0.026516504294,0.20263445162934834,0.16464396575561674
mm_1d,mm1_rawmax_kp2_kf2,raw_max,0.05,1,4000,1,350446006,0.0375,0.27188435551767487,0.2361405855820988
mm_1d,mm1_rawmax_kp2_kf2,raw_max,0.05,1,4000,1,350446006,0.053033008589,0.12252666926499534,0.16588704784723948
mm_1d,mm1_rawmax_kp2_kf2,raw_max,0.05,1,4000,1,350446006,0.075,0.3284538902102707,0.22310040762992214
mm_1d,mm1_rawmax_kp2_kf2,raw_max,0.05,1,4000,1,350446006,0.106066017178,0.27339202125423734,0.16988920964305354
mm_1d,mm1_rawmax_kp2_kf2,raw_max,0.05,1,4000,1,350446006,0.15,0.19245021097309012,0.12399623328096683
mm_1d,mm1_rawmax_kp2_kf2,raw_max,0.05,1,4000,1,350446006,0.212132034356,0.12030350060712847,0.09787538690392178
mm_1d,mm1_rawmax_kp2_kf2,raw_max,0.05,1,4000,1,350446006,0.3,0.11723846279515993,0.13898462330474382
mm_1d,mm1_rawmax_kp2_kf2,raw_max,0.05,1,4000,1,350446006,0.424264068712,0.2310130822273071,0.23037431056040322
mm_1d,mm1_rawmax_kp2_kf2,raw_max,0.05,1,4000,1,350446006,0.6,0.40146028549453416,0.40062817806121764
mm_1d,mm1_rawmax_kp2_kf2,raw_max,0.05,1,4000,1,350446006,0.848528137424,0.6282378779940734,0.6249566374550934
mm_1d,mm1_rawmax_kp2_kf2,raw_max,0.05,1,4000,1,350446006,1.2,0.9281465126121013,0.8808505471337074
mm_1d,mm1_rawmax_kp2_kf2,raw_max,0.05,1,4000,2,1681873724,0.005,0.611434686721837,0.6682761446155574
mm_1d,mm1_rawmax_kp2_kf2,raw_max,0.05,1,4000,2,1681873724,0.006629126074,0.4532160828008217,0.534408073288939
mm_1d,mm1_rawmax_kp2_kf2,raw_max,0.05,1,4000,2,1681873724,0.009375,0.29461156100850594,0.4040683667873807
mm_1d,mm1_rawmax_kp2_kf2,raw_max,0.05,1,4000,2,1681873724,0.013258252147,0.22658233644502618,0.3230317352439717
mm_1d,mm1_rawmax_kp2_kf2,raw_max,0.05,1,4000,2,1681873724,0.01875,0.15863806928020502,0.23273409251981333
mm_1d,mm1_rawmax_kp2_kf2,raw_max,0.05,1,4000,2,1681873724,0.026516504294,0.14792261979587673,0.17748606891563232
mm_1d,mm1_rawmax_kp2_kf2,raw_max,0.05,1,4000,2,1681873724,0.0375,0.19685800584498425,0.1901259139357932
mm_1d,mm1_rawmax_kp2_kf2,raw_max,0.05,1,4000,2,1681873724,0.053033008589,0.23601738504005088,0.21688543573982372
mm_1d,mm1_rawmax_kp2_kf2,raw_max,0.05,1,4000,2,1681873724,0.075,0.21436548294017355,0.2435848587117711
mm_1d,mm1_rawmax_kp2_kf2,raw_max,0.05,1,4000,2,1681873724,0.106066017178,0.13850492185896526,0.17714730668824863
mm_1d,mm1_rawmax_kp2_kf2,raw_max,0.05,1,4000,2,1681873724,0.15,0.13804723515332046,0.17417409702484307
mm_1d,mm1_rawmax_kp2_kf2,raw_max,0.05,1,4000,2,1681873724,0.212132034356,0.12846042991029843,0.16810394505519577
mm_1d,mm1_rawmax_kp2_kf2,raw_max,0.05,1,4000,2,1681873724,0.3,0.1590239043316044,0.16041285296061425
mm_1d,mm1_rawmax_kp2_kf2,raw_max,0.05,1,4000,2,1681873724,0.424264068712,0.25231198000840327,0.2145364073181003
mm_1d,mm1_rawmax_kp2_kf2,raw_max,0.05,1,4000,2,1681873724,0.6,0.4180119868546954,0.3857358945130551
mm_1d,mm1_rawmax_kp2_kf2,raw_max,0.05,1,4000,2,1681873724,0.848528137424,0.6388870266540119,0.5986102825972716
mm_1d,mm1_rawmax_kp2_kf2,raw_max,0.05,1,4000,2,1681873724,1.2,0.9056157129587628,0.838054671320012
mm_1d,mm1_rawmax_kp2_kf2,raw_max,0.05,1,4000,3,686746376,0.005,1.9382150573943249,2.548261176196551
mm_1d,mm1_rawmax_kp2_kf2,raw_max,0.05,1,4000,3,686746376,0.006629126074,1.531747885665769,1.6943379261216807
mm_1d,mm1_rawmax_kp2_kf2,raw_max,0.05,1,4000,3,686746376,0.009375,1.480652586820585,1.5763130862661727
mm_1d,mm1_rawmax_kp2_kf2,raw_max,0.05,1,4000,3,686746376,0.013258252147,1.4693930549931493,1.578550400428644
mm_1d,mm1_rawmax_kp2_kf2,raw_max,0.05,1,4000,3,686746376,0.01875,0.9116194659282661,1.17862914198465
mm_1d,mm1_rawmax_kp2_kf2,raw_max,0.05,1,4000,3,686746376,0.026516504294,0.3981054727525184,0.4274825834660715
mm_1d,mm1_rawmax_kp2_kf2,raw_max,0.05,1,4000,3,686746376,0.0375,0.3758578979060483,0.47309369126175776
mm_1d,mm1_rawmax_kp2_kf2,raw_max,0.05,1,4000,3,686746376,0.053033008589,0.3608013427225687,0.4542704656987298
mm_1d,mm1_rawmax_kp2_kf2,raw_max,0.05,1,4000,3,686746376,0.075,0.2864976772915673,0.3691610446177924
mm_1d,mm1_rawmax_kp2_kf2,raw_max,0.05,1,4000,3,686746376,0.106066017178,0.2094880607840206,0.2733272868239833
mm_1d,mm1_rawmax_kp2_kf2,raw_max,0.05,1,4000,3,686746376,0.15,0.12347636425160655,0.18370535282867292
mm_1d,mm1_rawmax_kp2_kf2,raw_max,0.05,1,4000,3,686746376,0.212132034356,0.1266201378245439,0.1667040280053922
mm_1d,mm1_rawmax_kp2_kf2,raw_max,0.05,1,4000,3,686746376,0.3,0.15001133481469586,0.19331024461349572
mm_1d,mm1_rawmax_kp2_kf2,raw_max,0.05,1,4000,3,686746376,0.424264068712,0.22252882804092589,0.2344886794711554
mm_1d,mm1_rawmax_kp2_kf2,raw_max,0.05,1,4000,3,686746376,0.6,0.38549470266930785,0.36005276204052067
mm_1d,mm1_rawmax_kp2_kf2,raw_max,0.05,1,4000,3,686746376,0.848528137424,0.6124393376695514,0.5661276312550076
mm_1d,mm1_rawmax_kp2_kf2,raw_max,0.05,1,4000,3,686746376,1.2,0.885795810994745,0.7933807872680751
mm_1d,mm1_rawmax_kp2_kf2,raw_max,0.05,1,4000,4,3195502165,0.005,1.28828547816321,1.292619570318453
mm_1d,mm1_rawmax_kp2_kf2,raw_max,0.05,1,4000,4,3195502165,0.006629126074,0.893258833393674,1.0471644517932295
mm_1d,mm1_rawmax_kp2_kf2,raw_max,0.05,1,4000,4,3195502165,0.009375,0.6092228802916004,0.7813501230602178
mm_1d,mm1_rawmax_kp2_kf2,raw_max,0.05,1,4000,4,3195502165,0.013258252147,0.5072381356866602,0.6302419879545784
mm_1d,mm1_rawmax_kp2_kf2,raw_max,0.05,1,4000,4,3195502165,0.01875,0.4473046203957809,0.5117834760682051
mm_1d,mm1_rawmax_kp2_kf2,raw_max,0.05,1,4000,4,3195502165,0.026516504294,0.35424039773944194,0.38618632867898334
mm_1d,mm1_rawmax_kp2_kf2,raw_max,0.05,1,4000,4,3195502165,0.0375,0.24964015370126796,0.2661202976601122
mm_1d,mm1_rawmax_kp2_kf2,raw_max,0.05,1,4000,4,3195502165,0.053033008589,0.15737077268517918,0.1929388071637305
mm_1d,mm1_rawmax_kp2_kf2,raw_max,0.05,1,4000,4,3195502165,0.075,0.3241434894248785,0.34777682741326343
mm_1d,mm1_rawmax_kp2_kf2,raw_max,0.05,1,4000,4,3195502165,0.106066017178,0.3123215859598705,0.34516331629238695
mm_1d,mm1_rawmax_kp2_kf2,raw_max,0.05,1,4000,4,3195502165,0.15,0.2679502361644075,0.3056757680948431
mm_1d,mm1_rawmax_kp2_kf2,raw_max,0.05,1,4000,4,3195502165,0.212132034356,0.1962781396073512,0.22453252871219218
mm_1d,mm1_rawmax_kp2_kf2,raw_max,0.05,1,4000,4,3195502165,0.3,0.1518983480856717,0.21148517691898613
mm_1d,mm1_rawmax_kp2_kf2,raw_max,0.05,1,4000,4,3195502165,0.424264068712,0.2509940357794549,0.29146591333368943
mm_1d,mm1_rawmax_kp2_kf2,raw_max,0.05,1,4000,4,3195502165,0.6,0.44079263855653905,0.4799578665588234
mm_1d,mm1_rawmax_kp2_kf2,raw_max,0.05,1,4000,4,3195502165,0.848528137424,0.6832621839253277,0.7352866153194276
mm_1d,mm1_rawmax_kp2_kf2,raw_max,0.05,1,4000,4,3195502165,1.2,0.9483801301395938,0.9735747343069244
mm_1d,mm1_rawmax_kp2_kf2,raw_max,0.05,1,4000,5,1460719170,0.005,1.246827483913497,1.2450604163226249
mm_1d,mm1_rawmax_kp2_kf2,raw_max,0.05,1,4000,5,1460719170,0.006629126074,1.260189330439621,1.281310263097383
mm_1d,mm1_rawmax_kp2_kf2,raw_max,0.05,1,4000,5,1460719170,0.009375,0.2932746299447292,0.3915098325872642
mm_1d,mm1_rawmax_kp2_kf2,raw_max,0.05,1,4000,5,1460719170,0.013258252147,0.3126393521311751,0.4357409679075569
mm_1d,mm1_rawmax_kp2_kf2,raw_max,0.05,1,4000,5,1460719170,0.01875,0.2419979899935495,0.33293005915907903
mm_1d,mm1_rawmax_kp2_kf2,raw_max,0.05,1,4000,5,1460719170,0.026516504294,0.18854982621415606,0.2618524285906221
mm_1d,mm1_rawmax_kp2_kf2,raw_max,0.05,1,4000,5,1460719170,0.0375,0.2003661240665145,0.21077393762224214
mm_1d,mm1_rawmax_kp2_kf2,raw_max,0.05,1,4000,5,1460719170,0.053033008589,0.10680750887505208,0.10104960072240865
mm_1d,mm1_rawmax_kp2_kf2,raw_max,0.05,1,4000,5,1460719170,0.075,0.20837158522087007,0.18956263760211967
mm_1d,mm1_rawmax_kp2_kf2,raw_max,0.05,1,4000,5,1460719170,0.106066017178,0.297824746105833,0.2874524194987041
mm_1d,mm1_rawmax_kp2_kf2,raw_max,0.05,1,4000,5,1460719170,0.15,0.2513731816460123,0.2537629745674655
mm_1d,mm1_rawmax_kp2_kf2,raw_max,0.05,1,4000,5,1460719170,0.212132034356,0.1671982394437359,0.19459685490652384
mm_1d,mm1_rawmax_kp2_kf2,raw_max,0.05,1,4000,5,1460719170,0.3,0.1527205140004344,0.1900064205870161
mm_1d,mm1_rawmax_kp2_kf2,raw_max,0.05,1,4000,5,1460719170,0.424264068712,0.22818927500360853,0.24356117439383673
mm_1d,mm1_rawmax_kp2_kf2,raw_max,0.05,1,4000,5,1460719170,0.6,0.3654763399764831,0.37657196308341506
mm_1d,mm1_rawmax_kp2_kf2,raw_max,0.05,1,4000,5,1460719170,0.848528137424,0.602551706152028,0.5921391098345363
mm_1d,mm1_rawmax_kp2_kf2,raw_max,0.05,1,4000,5,1460719170,1.2,0.8788028784150208,0.8566865901834839
mm_1d,mm1_rawmax_kp2_kf2,raw_max,0.05,1,4000,6,2033282004,0.005,0.37001805720153047,0.49668730935411665
mm_1d,mm1_rawmax_kp2_kf2,raw_max,0.05,1,4000,6,2033282004,0.006629126074,0.45875775314623213,0.5379125994664711
mm_1d,mm1_rawmax_kp2_kf2,raw_max,0.05,1,4000,6,2033282004,0.009375,0.4016731499018169,0.492010477091518
mm_1d,mm1_rawmax_kp2_kf2,raw_max,0.05,1,4000,6,2033282004,0.013258252147,0.39978412555465903,0.44534787023616174
mm_1d,mm1_rawmax_kp2_kf2,raw_max,0.05,1,4000,6,2033282004,0.01875,0.3776022721162897,0.3479936406893206
mm_1d,mm1_rawmax_kp2_kf2,raw_max,0.05,1,4000,6,2033282004,0.026516504294,0.2285665725531888,0.19587464807723107
mm_1d,mm1_rawmax_kp2_kf2,raw_max,0.05,1,4000,6,2033282004,0.0375,0.16100092471704697,0.1578310471663859
mm_1d,mm1_rawmax_kp2_kf2,raw_max,0.05,1,4000,6,2033282004,0.053033008589,0.226212986689176,0.17591231436432517
mm_1d,mm1_rawmax_kp2_kf2,raw_max,0.05,1,4000,6,2033282004,0.075,0.17236778334622338,0.15751873873096864
mm_1d,mm1_rawmax_kp2_kf2,raw_max,0.05,1,4000,6,2033282004,0.106066017178,0.13083070030513178,0.13759164567074034
mm_1d,mm1_rawmax_kp2_kf2,raw_max,0.05,1,4000,6,2033282004,0.15,0.14096851364722285,0.15198780422709796
mm_1d,mm1_rawmax_kp2_kf2,raw_max,0.05,1,4000,6,2033282004,0.212132034356,0.13975076300611733,0.14288892324037394
mm_1d,mm1_rawmax_kp2_kf2,raw_max,0.05,1,4000,6,2033282004,0.3,0.1369814789562218,0.19109965785753805
mm_1d,mm1_rawmax_kp2_kf2,raw_max,0.05,1,4000,6,2033282004,0.424264068712,0.24884911089016137,0.32680402823103577
mm_1d,mm1_rawmax_kp2_kf2,raw_max,0.05,1,4000,6,2033282004,0.6,0.4159582529733934,0.5046282560204032
mm_1d,mm1_rawmax_kp2_kf2,raw_max,0.05,1,4000,6,2033282004,0.848528137424,0.6508764785024406,0.7558610661796757
mm_1d,mm1_rawmax_kp2_kf2,raw_max,0.05,1,4000,6,2033282004,1.2,0.9269519048928698,1.0145196069510372
mm_1d,mm1_rawmax_kp2_kf2,raw_max,0.05,1,4000,7,1997989380,0.005,0.744465338785001,0.9262108639463639
mm_1d,mm1_rawmax_kp2_kf2,raw_max,0.05,1,4000,7,1997989380,0.006629126074,0.7701658730643189,0.9447502025782718
mm_1d,mm1_rawmax_kp2_kf2,raw_max,0.05,1,4000,7,1997989380,0.009375,0.5668429724734136,0.711152025409603
mm_1d,mm1_rawmax_kp2_kf2,raw_max,0.05,1,4000,7,1997989380,0.013258252147,0.43552104865260927,0.5514353677652754
mm_1d,mm1_rawmax_kp2_kf2,raw_max,0.05,1,4000,7,1997989380,0.01875,0.8312754918176446,0.9311046665432029
mm_1d,mm1_rawmax_kp2_kf2,raw_max,0.05,1,4000,7,1997989380,0.026516504294,0.8423350868570278,0.9435019689138244
mm_1d,mm1_rawmax_kp2_kf2,raw_max,0.05,1,4000,7,1997989380,0.0375,0.804832710841273,0.8383478945308233
mm_1d,mm1_rawmax_kp2_kf2,raw_max,0.05,1,4000,7,1997989380,0.053033008589,0.7832683646279859,0.8038398085588364
mm_1d,mm1_rawmax_kp2_kf2,raw_max,0.05,1,4000,7,1997989380,0.075,0.7308518424215109,0.6941816723878962
mm_1d,mm1_rawmax_kp2_kf2,raw_max,0.05,1,4000,7,1997989380,0.106066017178,0.6512910162483942,0.5574896417621933
mm_1d,mm1_rawmax_kp2_kf2,raw_max,0.05,1,4000,7,1997989380,0.15,0.5446322409933428,0.43462002096350605
mm_1d,mm1_rawmax_kp2_kf2,raw_max,0.05,1,4000,7,1997989380,0.212132034356,0.5019106094307979,0.4266767991694573
mm_1d,mm1_rawmax_kp2_kf2,raw_max,0.05,1,4000,7,1997989380,0.3,0.45467230378584733,0.4288003710486579
mm_1d,mm1_rawmax_kp2_kf2,raw_max,0.05,1,4000,7,1997989380,0.424264068712,0.41396932279820997,0.4337057121288074
mm_1d,mm1_rawmax_kp2_kf2,raw_max,0.05,1,4000,7,1997989380,0.6,0.3998771182938403,0.5289387903136412
mm_1d,mm1_rawmax_kp2_kf2,raw_max,0.05,1,4000,7,1997989380,0.848528137424,0.6504000243383017,0.7357372375737171
mm_1d,mm1_rawmax_kp2_kf2,raw_max,0.05,1,4000,7,1997989380,1.2,0.9322037804741135,0.9503250754068061
mm_1d,mm1_rawmax_kp2_kf2,raw_max,0.05,1,4000,8,2042481486,0.005,1.082908586252321,1.0561654784008037
mm_1d,mm1_rawmax_kp2_kf2,raw_max,0.05,1,4000,8,2042481486,0.006629126074,0.8479322637065629,0.9157202222398743
mm_1d,mm1_rawmax_kp2_kf2,raw_max,0.05,1,4000,8,2042481486,0.009375,0.8701779922922532,0.7899920405674044
mm_1d,mm1_rawmax_kp2_kf2,raw_max,0.05,1,4000,8,2042481486,0.013258252147,0.8872970514966965,0.7413928342170063
mm_1d,mm1_rawmax_kp2_kf2,raw_max,0.05,1,4000,8,2042481486,0.01875,0.8439448756471464,0.6965317888025017
mm_1d,mm1_rawmax_kp2_kf2,raw_max,0.05,1,4000,8,2042481486,0.026516504294,0.7567103031305251,0.619151311280526
mm_1d,mm1_rawmax_kp2_kf2,raw_max,0.05,1,4000,8,2042481486,0.0375,0.6762799020784311,0.5571570907351125
mm_1d,mm1_rawmax_kp2_kf2,raw_max,0.05,1,4000,8,2042481486,0.053033008589,0.6003248698715007,0.5141550154548857
mm_1d,mm1_rawmax_kp2_kf2,raw_max,0.05,1,4000,8,2042481486,0.075,0.5260256596302408,0.4454465104271406
mm_1d,mm1_rawmax_kp2_kf2,raw_max,0.05,1,4000,8,2042481486,0.106066017178,0.5065329383653783,0.41468466251537306
mm_1d,mm1_rawmax_kp2_kf2,raw_max,0.05,1,4000,8,2042481486,0.15,0.23208762601406852,0.21732460002486242
mm_1d,mm1_rawmax_kp2_kf2,raw_max,0.05,1,4000,8,2042481486,0.212132034356,0.13251305266782376,0.15783914081112188
mm_1d,mm1_rawmax_kp2_kf2,raw_max,0.05,1,4000,8,2042481486,0.3,0.14422259618993571,0.20749041283062847
mm_1d,mm1_rawmax_kp2_kf2,raw_max,0.05,1,4000,8,2042481486,0.424264068712,0.21609314977522942,0.2289323718586825
mm_1d,mm1_rawmax_kp2_kf2,raw_max,0.05,1,4000,8,2042481486,0.6,0.3991822484779799,0.3851273499547537
mm_1d,mm1_rawmax_kp2_kf2,raw_max,0.05,1,4000,8,2042481486,0.848528137424,0.6415019682263223,0.6307569773256152
mm_1d,mm1_rawmax_kp2_kf2,raw_max,0.05,1,4000,8,2042481486,1.2,0.8939541217640223,0.8634217307878307
mm_1d,mm1_rawmax_kp2_kf2,raw_max,0.05,1,4000,9,1144269602,0.005,1.5509069188953863,1.2771476694006862
mm_1d,mm1_rawmax_kp2_kf2,raw_max,0.05,1,4000,9,1144269602,0.006629126074,0.8789778393656945,0.6965279622626709
mm_1d,mm1_rawmax_kp2_kf2,raw_max,0.05,1,4000,9,1144269602,0.009375,0.7167993362482576,0.5774532241578342
mm_1d,mm1_rawmax_kp2_kf2,raw_max,0.05,1,4000,9,1144269602,0.013258252147,0.8290183391210715,0.643827803188105
mm_1d,mm1_rawmax_kp2_kf2,raw_max,0.05,1,4000,9,1144269602,0.01875,0.7312939767327216,0.5564459398473659
mm_1d,mm1_rawmax_kp2_kf2,raw_max,0.05,1,4000,9,1144269602,0.026516504294,0.33373897707232436,0.2618243636071342
mm_1d,mm1_rawmax_kp2_kf2,raw_max,0.05,1,4000,9,1144269602,0.0375,0.22213489037319345,0.16731899364877809
mm_1d,mm1_rawmax_kp2_kf2,raw_max,0.05,1,4000,9,1144269602,0.053033008589,0.26662810719395535,0.2178937793042405
mm_1d,mm1_rawmax_kp2_kf2,raw_max,0.05,1,4000,9,1144269602,0.075,0.32069944496854075,0.2171423105047334
mm_1d,mm1_rawmax_kp2_kf2,raw_max,0.05,1,4000,9,1144269602,0.106066017178,0.6076593840291744,0.42157739453195886
mm_1d,mm1_rawmax_kp2_kf2,raw_max,0.05,1,4000,9,1144269602,0.15,0.5390703767612814,0.38693697456454174
mm_1d,mm1_rawmax_kp2_kf2,raw_max,0.05,1,4000,9,1144269602,0.212132034356,0.4916386726015065,0.39093430692460857
mm_1d,mm1_rawmax_kp2_kf2,raw_max,0.05,1,4000,9,1144269602,0.3,0.43033057417939835,0.3710731075333034
mm_1d,mm1_rawmax_kp2_kf2,raw_max,0.05,1,4000,9,1144269602,0.424264068712,0.37138608235993176,0.38943493290812226
mm_1d,mm1_rawmax_kp2_kf2,raw_max,0.05,1,4000,9,1144269602,0.6,0.3824044031466638,0.47968058353758875
mm_1d,mm1_rawmax_kp2_kf2,raw_max,0.05,1,4000,9,1144269602,0.848528137424,0.6530997091504913,0.6900350742900094
mm_1d,mm1_rawmax_kp2_kf2,raw_max,0.05,1,4000,9,1144269602,1.2,0.9308670445290272,0.9175844256766257
mm_1d,mm1_rawmax_kp2_kf2,raw_max,0.05,1,4000,10,2396799522,0.005,1.014103940540846,0.8470235849831682
mm_1d,mm1_rawmax_kp2_kf2,raw_max,0.05,1,4000,10,2396799522,0.006629126074,0.918300913459922,0.7825850800630388
mm_1d,mm1_rawmax_kp2_kf2,raw_max,0.05,1,4000,10,2396799522,0.009375,0.7555076548777789,0.6753421532858521
mm_1d,mm1_rawmax_kp2_kf2,raw_max,0.05,1,4000,10,2396799522,0.013258252147,0.5635176480372976,0.5287153194121325
mm_1d,mm1_rawmax_kp2_kf2,raw_max,0.05,1,4000,10,2396799522,0.01875,0.43810145574653514,0.41297955301390576
mm_1d,mm1_rawmax_kp2_kf2,raw_max,0.05,1,4000,10,2396799522,0.026516504294,0.4133947465600738,0.374792386426227
mm_1d,mm1_rawmax_kp2_kf2,raw_max,0.05,1,4000,10,2396799522,0.0375,0.2172599233447744,0.22208811767425884
mm_1d,mm1_rawmax_kp2_kf2,raw_max,0.05,1,4000,10,2396799522,0.053033008589,0.20077321387281488,0.2086609357304472
mm_1d,mm1_rawmax_kp2_kf2,raw_max,0.05,1,4000,10,2396799522,0.075,0.1942118750970864,0.19480990891303593
mm_1d,mm1_rawmax_kp2_kf2,raw_max,0.05,1,4000,10,2396799522,0.106066017178,0.13066629765032817,0.1269697777602576
mm_1d,mm1_rawmax_kp2_kf2,raw_max,0.05,1,4000,10,2396799522,0.15,0.10092422380495858,0.09347158221845174
mm_1d,mm1_rawmax_kp2_kf2,raw_max,0.05,1,4000,10,2396799522,0.212132034356,0.09739372989164541,0.098534335954979
mm_1d,mm1_rawmax_kp2_kf2,raw_max,0.05,1,4000,10,2396799522,0.3,0.14503069140054015,0.1783533106395678
mm_1d,mm1_rawmax_kp2_kf2,raw_max,0.05,1,4000,10,2396799522,0.424264068712,0.26309132993939044,0.3144741804185358
mm_1d,mm1_rawmax_kp2_kf2,raw_max,0.05,1,4000,10,2396799522,0.6,0.43693486437923745,0.46426186714342377
mm_1d,mm1_rawmax_kp2_kf2,raw_max,0.05,1,4000,10,2396799522,0.848528137424,0.663514429335607,0.7103971716329641
mm_1d,mm1_rawmax_kp2_kf2,raw_max,0.05,1,4000,10,2396799522,1.2,0.9363093029574681,0.9453206875181992
mm_1d,mm1_rawmax_kp2_kf2,raw_max,0.05,1,4000,11,3503732972,0.005,0.8095746277200853,0.9292890012091961
mm_1d,mm1_rawmax_kp2_kf2,raw_max,0.05,1,4000,11,3503732972,0.006629126074,0.6786993518911675,0.7650295890977944
mm_1d,mm1_rawmax_kp2_kf2,raw_max,0.05,1,4000,11,3503732972,0.009375,0.35357368957431884,0.32398930034545076
mm_1d,mm1_rawmax_kp2_kf2,raw_max,0.05,1,4000,11,3503732972,0.013258252147,0.15965210255656587,0.17272932597896876
mm_1d,mm1_rawmax_kp2_kf2,raw_max,0.05,1,4000,11,3503732972,0.01875,0.7247364250916541,0.7122338937776492
mm_1d,mm1_rawmax_kp2_kf2,raw_max,0.05,1,4000,11,3503732972,0.026516504294,0.8075579556720491,0.8384149542657703
mm_1d,mm1_rawmax_kp2_kf2,raw_max,0.05,1,4000,11,3503732972,0.0375,0.723469058353754,0.7180608885257468
mm_1d,mm1_rawmax_kp2_kf2,raw_max,0.05,1,4000,11,3503732972,0.053033008589,0.6139131793331292,0.5674402868436358
mm_1d,mm1_rawmax_kp2_kf2,raw_max,0.05,1,4000,11,3503732972,0.075,0.5248054073298059,0.44831046461378
mm_1d,mm1_rawmax_kp2_kf2,raw_max,0.05,1,4000,11,3503732972,0.106066017178,0.4110652756143667,0.32162019617714166
mm_1d,mm1_rawmax_kp2_kf2,raw_max,0.05,1,4000,11,3503732972,0.15,0.3212114914535351,0.23614223579112933
mm_1d,mm1_rawmax_kp2_kf2,raw_max,0.05,1,4000,11,3503732972,0.212132034356,0.3758427750399207,0.2828794016308535
mm_1d,mm1_rawmax_kp2_kf2,raw_max,0.05,1,4000,11,3503732972,0.3,0.3604929363463609,0.3027460635151743
mm_1d,mm1_rawmax_kp2_kf2,raw_max,0.05,1,4000,11,3503732972,0.424264068712,0.34754513954915467,0.38396509283141095
mm_1d,mm1_rawmax_kp2_kf2,raw_max,0.05,1,4000,11,3503732972,0.6,0.44227019326791894,0.5168928840010768
mm_1d,mm1_rawmax_kp2_kf2,raw_max,0.05,1,4000,11,3503732972,0.848528137424,0.6600410946295059,0.7575267912985632
mm_1d,mm1_rawmax_kp2_kf2,raw_max,0.05,1,4000,11,3503732972,1.2,0.9384673365362954,1.004553562079852
mm_1d,mm1_rawmax_kp2_kf2,raw_max,0.05,1,4000,12,2141779427,0.005,0.7989182631768663,0.9001586549493444
mm_1d,mm1_rawmax_kp2_kf2,raw_max,0.05,1,4000,12,2141779427,0.006629126074,0.5792612544642393,0.6226086091696311
mm_1d,mm1_rawmax_kp2_kf2,raw_max,0.05,1,4000,12,2141779427,0.009375,0.4454025574227471,0.4745645845325259
mm_1d,mm1_rawmax_kp2_kf2,raw_max,0.05,1,4000,12,2141779427,0.013258252147,0.23911343754982467,0.25298303736851274
mm_1d,mm1_rawmax_kp2_kf2,raw_max,0.05,1,4000,12,2141779427,0.01875,0.19691766932457208,0.19263094128367267
mm_1d,mm1_rawmax_kp2_kf2,raw_max,0.05,1,4000,12,2141779427,0.026516504294,0.582406739492854,0.46385418984649907
mm_1d,mm1_rawmax_kp2_kf2,raw_max,0.05,1,4000,12,2141779427,0.0375,0.635164473259761,0.523665737287077
mm_1d,mm1_rawmax_kp2_kf2,raw_max,0.05,1,4000,12,2141779427,0.053033008589,0.6798853704988131,0.5642906950111352
mm_1d,mm1_rawmax_kp2_kf2,raw_max,0.05,1,4000,12,2141779427,0.075,0.7427516241595985,0.6091463206621831
mm_1d,mm1_rawmax_kp2_kf2,raw_max,0.05,1,4000,12,2141779427,0.106066017178,0.6583638462356594,0.5430092180432944
mm_1d,mm1_rawmax_kp2_kf2,raw_max,0.05,1,4000,12,2141779427,0.15,0.5414618671108421,0.4519215569962888
mm_1d,mm1_rawmax_kp2_kf2,raw_max,0.05,1,4000,12,2141779427,0.212132034356,0.45095353429066565,0.3802099808624105
mm_1d,mm1_rawmax_kp2_kf2,raw_max,0.05,1,4000,12,2141779427,0.3,0.36294128935474707,0.32974989651312997
mm_1d,mm1_rawmax_kp2_kf2,raw_max,0.05,1,4000,12,2141779427,0.424264068712,0.27033039990302826,0.3485146100185966
mm_1d,mm1_rawmax_kp2_kf2,raw_max,0.05,1,4000,12,2141779427,0.6,0.4118446649371421,0.46518475653897146
mm_1d,mm1_rawmax_kp2_kf2,raw_max,0.05,1,4000,12,2141779427,0.848528137424,0.6514618817213236,0.678373071368473
mm_1d,mm1_rawmax_kp2_kf2,raw_max,0.05,1,4000,12,2141779427,1.2,0.936880414649836,0.9549478362006236
mm_1d,mm1_rawmax_kp2_kf2,raw_max,0.05,1,4000,13,830193079,0.005,1.9084708183464971,2.432804650584181
mm_1d,mm1_rawmax_kp2_kf2,raw_max,0.05,1,4000,13,830193079,0.006629126074,1.5069247566093549,2.045349805913215
mm_1d,mm1_rawmax_kp2_kf2,raw_max,0.05,1,4000,13,830193079,0.009375,0.6574111667742653,0.6181142172009542
mm_1d,mm1_rawmax_kp2_kf2,raw_max,0.05,1,4000,13,830193079,0.013258252147,0.6135789230247153,0.5077690740708563
mm_1d,mm1_rawmax_kp2_kf2,raw_max,0.05,1,4000,13,830193079,0.01875,0.5772828363454856,0.45075963757634724
mm_1d,mm1_rawmax_kp2_kf2,raw_max,0.05,1,4000,13,830193079,0.026516504294,0.48106466868006414,0.3721331790225359
mm_1d,mm1_rawmax_kp2_kf2,raw_max,0.05,1,4000,13,830193079,0.0375,0.39890164429387864,0.31677061494167996
mm_1d,mm1_rawmax_kp2_kf2,raw_max,0.05,1,4000,13,830193079,0.053033008589,0.3061675945267024,0.20573433921390966
mm_1d,mm1_rawmax_kp2_kf2,raw_max,0.05,1,4000,13,830193079,0.075,0.20828877269845014,0.11661556656949663
mm_1d,mm1_rawmax_kp2_kf2,raw_max,0.05,1,4000,13,830193079,0.106066017178,0.21484854419128707,0.14265099983946852
mm_1d,mm1_rawmax_kp2_kf2,raw_max,0.05,1,4000,13,830193079,0.15,0.22415134737454334,0.21357449420671124
mm_1d,mm1_rawmax_kp2_kf2,raw_max,0.05,1,4000,13,830193079,0.212132034356,0.21286357158260255,0.20335256136695276
mm_1d,mm1_rawmax_kp2_kf2,raw_max,0.05,1,4000,13,830193079,0.3,0.1765128816425538,0.1964359334971207
mm_1d,mm1_rawmax_kp2_kf2,raw_max,0.05,1,4000,13,830193079,0.424264068712,0.21237492158014293,0.24684515602405796
mm_1d,mm1_rawmax_kp2_kf2,raw_max,0.05,1,4000,13,830193079,0.6,0.37402950057618445,0.38021441926614036
mm_1d,mm1_rawmax_kp2_kf2,raw_max,0.05,1,4000,13,830193079,0.848528137424,0.59221271190035,0.6165864026060374
mm_1d,mm1_rawmax_kp2_kf2,raw_max,0.05,1,4000,13,830193079,1.2,0.8727839339412862,0.8716487157169961
mm_1d,mm1_rawmax_kp2_kf2,raw_max,0.05,1,4000,14,104832471,0.005,4.964689926745031,6.3944360003560465
mm_1d,mm1_rawmax_kp2_kf2,raw_max,0.05,1,4000,14,104832471,0.006629126074,1.4814118386284796,1.7508806005977349
mm_1d,mm1_rawmax_kp2_kf2,raw_max,0.05,1,4000,14,104832471,0.009375,1.1271974334582584,1.2617487390047335
mm_1d,mm1_rawmax_kp2_kf2,raw_max,0.05,1,4000,14,104832471,0.013258252147,0.7069431512756468,0.6893600822229968
mm_1d,mm1_rawmax_kp2_kf2,raw_max,0.05,1,4000,14,104832471,0.01875,0.2487705321847145,0.2866125456147991
mm_1d,mm1_rawmax_kp2_kf2,raw_max,0.05,1,4000,14,104832471,0.026516504294,0.18097004074061368,0.18445405186314898
mm_1d,mm1_rawmax_kp2_kf2,raw_max,0.05,1,4000,14,104832471,0.0375,0.2351735395138685,0.25796184723561844
mm_1d,mm1_rawmax_kp2_kf2,raw_max,0.05,1,4000,14,104832471,0.053033008589,0.28902462763757797,0.35013241981994253
mm_1d,mm1_rawmax_kp2_kf2,raw_max,0.05,1,4000,14,104832471,0.075,0.3170900259357434,0.4013729640487162
mm_1d,mm1_rawmax_kp2_kf2,raw_max,0.05,1,4000,14,104832471,0.106066017178,0.2735416874328,0.3440253924170755
mm_1d,mm1_rawmax_kp2_kf2,raw_max,0.05,1,4000,14,104832471,0.15,0.1461992953880592,0.1698208050222956
mm_1d,mm1_rawmax_kp2_kf2,raw_max,0.05,1,4000,14,104832471,0.212132034356,0.10474404351339027,0.13082050898848294
mm_1d,mm1_rawmax_kp2_kf2,raw_max,0.05,1,4000,14,104832471,0.3,0.12304618941940504,0.1386353709974385
mm_1d,mm1_rawmax_kp2_kf2,raw_max,0.05,1,4000,14,104832471,0.424264068712,0.24018691842480955,0.22625637311088892
mm_1d,mm1_rawmax_kp2_kf2,raw_max,0.05,1,4000,14,104832471,0.6,0.45039935552093335,0.4259620006661173
mm_1d,mm1_rawmax_kp2_kf2,raw_max,0.05,1,4000,14,104832471,0.848528137424,0.6773699403038014,0.6628438711704308
mm_1d,mm1_rawmax_kp2_kf2,raw_max,0.05,1,4000,14,104832471,1.2,0.9529906787787845,0.8962731146412443
mm_1d,mm1_rawmax_kp2_kf2,raw_max,0.05,1,4000,15,556065447,0.005,4.972233276506135,6.387535231847523
mm_1d,mm1_rawmax_kp2_kf2,raw_max,0.05,1,4000,15,556065447,0.006629126074,4.977580646461652,6.3822866707540795
mm_1d,mm1_rawmax_kp2_kf2,raw_max,0.05,1,4000,15,556065447,0.009375,2.2977843342269573,2.1654509694962414
mm_1d,mm1_rawmax_kp2_kf2,raw_max,0.05,1,4000,15,556065447,0.013258252147,1.1494131367294547,1.1541912186715162
mm_1d,mm1_rawmax_kp2_kf2,raw_max,0.05,1,4000,15,556065447,0.01875,0.9384679289670017,1.008171519963005
mm_1d,mm1_rawmax_kp2_kf2,raw_max,0.05,1,4000,15,556065447,0.026516504294,0.7955981141213591,0.7801184147780622
mm_1d,mm1_rawmax_kp2_kf2,raw_max,0.05,1,4000,15,556065447,0.0375,0.7610303915056744,0.7333165098886618
mm_1d,mm1_rawmax_kp2_kf2,raw_max,0.05,1,4000,15,556065447,0.053033008589,0.7566243598791851,0.7761457231883765
mm_1d,mm1_rawmax_kp2_kf2,raw_max,0.05,1,4000,15,556065447,0.075,0.4327655948865283,0.5537943040537762
mm_1d,mm1_rawmax_kp2_kf2,raw_max,0.05,1,4000,15,556065447,0.106066017178,0.28389696346188753,0.4061599505146332
mm_1d,mm1_rawmax_kp2_kf2,raw_max,0.05,1,4000,15,556065447,0.15,0.2787354014654486,0.31969128697478255
mm_1d,mm1_rawmax_kp2_kf2,raw_max,0.05,1,4000,15,556065447,0.212132034356,0.18044006349726294,0.1901324319533066
mm_1d,mm1_rawmax_kp2_kf2,raw_max,0.05,1,4000,15,556065447,0.3,0.12857328469762797,0.14385121571697487
mm_1d,mm1_rawmax_kp2_kf2,raw_max,0.05,1,4000,15,556065447,0.424264068712,0.22422829327617078,0.21940721759643028
mm_1d,mm1_rawmax_kp2_kf2,raw_max,0.05,1,4000,15,556065447,0.6,0.40844944121849736,0.3771102308223371
mm_1d,mm1_rawmax_kp2_kf2,raw_max,0.05,1,4000,15,556065447,0.848528137424,0.6352992881177488,0.6193156510368665
mm_1d,mm1_rawmax_kp2_kf2,raw_max,0.05,1,4000,15,556065447,1.2,0.8843580969180742,0.8702968405590468
mm_1d,mm1_rawmax_kp2_kf2,raw_max,0.05,1,4000,16,349892316,0.005,1.4275752379319395,1.6043038140293486
mm_1d,mm1_rawmax_kp2_kf2,raw_max,0.05,1,4000,16,349892316,0.006629126074,0.4580663141673613,0.6232207291925683
mm_1d,mm1_rawmax_kp2_kf2,raw_max,0.05,1,4000,16,349892316,0.009375,0.37351250572911887,0.2922181572405319
mm_1d,mm1_rawmax_kp2_kf2,raw_max,0.05,1,4000,16,349892316,0.013258252147,0.2930863417928802,0.2453937700283133
mm_1d,mm1_rawmax_kp2_kf2,raw_max,0.05,1,4000,16,349892316,0.01875,0.20753741068435572,0.21975236029727577
mm_1d,mm1_rawmax_kp2_kf2,raw_max,0.05,1,4000,16,349892316,0.026516504294,0.24445456766172713,0.23423909188749567
mm_1d,mm1_rawmax_kp2_kf2,raw_max,0.05,1,4000,16,349892316,0.0375,0.2731249059913754,0.3067537490432358
mm_1d,mm1_rawmax_kp2_kf2,raw_max,0.05,1,4000,16,349892316,0.053033008589,0.3600769269624519,0.4076611256437824
mm_1d,mm1_rawmax_kp2_kf2,raw_max,0.05,1,4000,16,349892316,0.075,0.38972546768281974,0.40908819454408285
mm_1d,mm1_rawmax_kp2_kf2,raw_max,0.05,1,4000,16,349892316,0.106066017178,0.3638596995681207,0.37240807410927496
mm_1d,mm1_rawmax_kp2_kf2,raw_max,0.05,1,4000,16,349892316,0.15,0.2962835206871519,0.31841466460501305
mm_1d,mm1_rawmax_kp2_kf2,raw_max,0.05,1,4000,16,349892316,0.212132034356,0.19449800557950853,0.22642168287884495
mm_1d,mm1_rawmax_kp2_kf2,raw_max,0.05,1,4000,16,349892316,0.3,0.1863961742196485,0.225020659368076
mm_1d,mm1_rawmax_kp2_kf2,raw_max,0.05,1,4000,16,349892316,0.424264068712,0.29975293827264937,0.30828997011985493
mm_1d,mm1_rawmax_kp2_kf2,raw_max,0.05,1,4000,16,349892316,0.6,0.4215857374187475,0.42904590002411397
mm_1d,mm1_rawmax_kp2_kf2,raw_max,0.05,1,4000,16,349892316,0.848528137424,0.630782086524978,0.6772368694090021
mm_1d,mm1_rawmax_kp2_kf2,raw_max,0.05,1,4000,16,349892316,1.2,0.9245534168827945,0.9200134288985294
mm_1d,mm1_rawmax_kp2_kf2,raw_max,0.05,1,4000,17,393697109,0.005,0.4939232354831511,0.5361542358477834
mm_1d,mm1_rawmax_kp2_kf2,raw_max,0.05,1,4000,17,393697109,0.006629126074,0.23367391420833017,0.3027329185584932
mm_1d,mm1_rawmax_kp2_kf2,raw_max,0.05,1,4000,17,393697109,0.009375,0.40018709210301817,0.3257718677216698
mm_1d,mm1_rawmax_kp2_kf2,raw_max,0.05,1,4000,17,393697109,0.013258252147,0.5838944185099116,0.6565076705359013
mm_1d,mm1_rawmax_kp2_kf2,raw_max,0.05,1,4000,17,393697109,0.01875,0.46775845550253503,0.648029781530881
mm_1d,mm1_rawmax_kp2_kf2,raw_max,0.05,1,4000,17,393697109,0.026516504294,0.4163059715243256,0.5185820812677269
mm_1d,mm1_rawmax_kp2_kf2,raw_max,0.05,1,4000,17,393697109,0.0375,0.32520879589693785,0.4108148373860184
mm_1d,mm1_rawmax_kp2_kf2,raw_max,0.05,1,4000,17,393697109,0.053033008589,0.23181946277806054,0.32247703655461196
mm_1d,mm1_rawmax_kp2_kf2,raw_max,0.05,1,4000,17,393697109,0.075,0.20002586352533902,0.2619095174326803
mm_1d,mm1_rawmax_kp2_kf2,raw_max,0.05,1,4000,17,393697109,0.106066017178,0.15147044918378816,0.19989568062524304
mm_1d,mm1_rawmax_kp2_kf2,raw_max,0.05,1,4000,17,393697109,0.15,0.08084888463130213,0.11696220312809767
mm_1d,mm1_rawmax_kp2_kf2,raw_max,0.05,1,4000,17,393697109,0.212132034356,0.10860268438811316,0.1413857635357354
mm_1d,mm1_rawmax_kp2_kf2,raw_max,0.05,1,4000,17,393697109,0.3,0.577565693009378,0.40429779570126145
mm_1d,mm1_rawmax_kp2_kf2,raw_max,0.05,1,4000,17,393697109,0.424264068712,0.6383663357239782,0.49143867650284545
mm_1d,mm1_rawmax_kp2_kf2,raw_max,0.05,1,4000,17,393697109,0.6,0.597018127007205,0.573192895370429
mm_1d,mm1_rawmax_kp2_kf2,raw_max,0.05,1,4000,17,393697109,0.848528137424,0.6397011882229697,0.7832409043686593
mm_1d,mm1_rawmax_kp2_kf2,raw_max,0.05,1,4000,17,393697109,1.2,0.8936985586302286,0.9932640091459172
mm_1d,mm1_rawmax_kp2_kf2,raw_max,0.05,1,4000,18,526061820,0.005,0.6728549166798141,0.6899070029284693
mm_1d,mm1_rawmax_kp2_kf2,raw_max,0.05,1,4000,18,526061820,0.006629126074,0.5507884951957287,0.6822762946801465
mm_1d,mm1_rawmax_kp2_kf2,raw_max,0.05,1,4000,18,526061820,0.009375,0.6072953690709801,0.7505211188395258
mm_1d,mm1_rawmax_kp2_kf2,raw_max,0.05,1,4000,18,526061820,0.013258252147,0.7404717085100474,0.8286094988828282
mm_1d,mm1_rawmax_kp2_kf2,raw_max,0.05,1,4000,18,526061820,0.01875,0.7623735716598622,0.7606167143671673
mm_1d,mm1_rawmax_kp2_kf2,raw_max,0.05,1,4000,18,526061820,0.026516504294,0.6989400281131288,0.6473267394227717
mm_1d,mm1_rawmax_kp2_kf2,raw_max,0.05,1,4000,18,526061820,0.0375,0.4661362504314644,0.46960198304492945
mm_1d,mm1_rawmax_kp2_kf2,raw_max,0.05,1,4000,18,526061820,0.053033008589,0.24552170574568388,0.3068035561748147
mm_1d,mm1_rawmax_kp2_kf2,raw_max,0.05,1,4000,18,526061820,0.075,0.1195007673971174,0.13917147947504727
mm_1d,mm1_rawmax_kp2_kf2,raw_max,0.05,1,4000,18,526061820,0.106066017178,0.08339517966214988,0.102704635841978
mm_1d,mm1_rawmax_kp2_kf2,raw_max,0.05,1,4000,18,526061820,0.15,0.07113244900252766,0.06388440685806197
mm_1d,mm1_rawmax_kp2_kf2,raw_max,0.05,1,4000,18,526061820,0.212132034356,0.07845014444261622,0.06806670967576545
mm_1d,mm1_rawmax_kp2_kf2,raw_max,0.05,1,4000,18,526061820,0.3,0.11627793838761602,0.11635173195159497
mm_1d,mm1_rawmax_kp2_kf2,raw_max,0.05,1,4000,18,526061820,0.424264068712,0.22759457005587458,0.2083327572429941
mm_1d,mm1_rawmax_kp2_kf2,raw_max,0.05,1,4000,18,526061820,0.6,0.3958475161994639,0.38592173475796665
mm_1d,mm1_rawmax_kp2_kf2,raw_max,0.05,1,4000,18,526061820,0.848528137424,0.6062257842026768,0.6327832442938806
mm_1d,mm1_rawmax_kp2_kf2,raw_max,0.05,1,4000,18,526061820,1.2,0.8752348011920212,0.8960415950675232
mm_1d,mm1_rawmax_kp2_kf2,raw_max,0.05,1,4000,19,2570830042,0.005,0.9907696924827292,1.2618128657686358
mm_1d,mm1_rawmax_kp2_kf2,raw_max,0.05,1,4000,19,2570830042,0.006629126074,0.8842022860584114,1.1932355832452686
mm_1d,mm1_rawmax_kp2_kf2,raw_max,0.05,1,4000,19,2570830042,0.009375,0.7328489745808661,1.0675050943174968
mm_1d,mm1_rawmax_kp2_kf2,raw_max,0.05,1,4000,19,2570830042,0.013258252147,0.6487369793796114,0.945350242871995
mm_1d,mm1_rawmax_kp2_kf2,raw_max,0.05,1,4000,19,2570830042,0.01875,0.5699437272615686,0.806851936348635
mm_1d,mm1_rawmax_kp2_kf2,raw_max,0.05,1,4000,19,2570830042,0.026516504294,0.4765012012734914,0.6636616809723764
mm_1d,mm1_rawmax_kp2_kf2,raw_max,0.05,1,4000,19,2570830042,0.0375,0.43223429121957746,0.5529945818700519
mm_1d,mm1_rawmax_kp2_kf2,raw_max,0.05,1,4000,19,2570830042,0.053033008589,0.38868307965292015,0.4900117810976958
mm_1d,mm1_rawmax_kp2_kf2,raw_max,0.05,1,4000,19,2570830042,0.075,0.31808628387346993,0.40594063416791176
mm_1d,mm1_rawmax_kp2_kf2,raw_max,0.05,1,4000,19,2570830042,0.106066017178,0.2823754057477539,0.35585514170465715
mm_1d,mm1_rawmax_kp2_kf2,raw_max,0.05,1,4000,19,2570830042,0.15,0.25286312158178625,0.29852516831951637
mm_1d,mm1_rawmax_kp2_kf2,raw_max,0.05,1,4000,19,2570830042,0.212132034356,0.1780968646767609,0.21636078153421506
mm_1d,mm1_rawmax_kp2_kf2,raw_max,0.05,1,4000,19,2570830042,0.3,0.14422052812499656,0.20016124116517425
mm_1d,mm1_rawmax_kp2_kf2,raw_max,0.05,1,4000,19,2570830042,0.424264068712,0.20630967014919954,0.2575843151903045
mm_1d,mm1_rawmax_kp2_kf2,raw_max,0.05,1,4000,19,2570830042,0.6,0.36300981541305566,0.3865562797496264
mm_1d,mm1_rawmax_kp2_kf2,raw_max,0.05,1,4000,19,2570830042,0.848528137424,0.6253796512369292,0.6126488818526441
mm_1d,mm1_rawmax_kp2_kf2,raw_max,0.05,1,4000,19,2570830042,1.2,0.9023725299606571,0.8595618006944236
